22, ?, 39803, Some-college, 10, Never-married, ?, Own-child, White, Male, 0, 0, 40, United-States, <=50K
24, Private, 98287, HS-grad, 9, Married-civ-spouse, Sales, Husband, White, Male, 0, 0, 50, United-States, <=50K
42, Private, 194710, Some-college, 10, Never-married, Exec-managerial, Not-in-family, White, Female, 0, 0, 40, United-States, <=50K
42, Private, 184682, Assoc-voc, 11, Divorced, Tech-support, Not-in-family, White, Female, 0, 0, 30, United-States, <=50K
37, Self-emp-inc, 99452, Some-college, 10, Married-civ-spouse, Transport-moving, Husband, White, Male, 0, 0, 55, United-States, >50K
42, Private, 87284, Prof-school, 15, Married-civ-spouse, Prof-specialty, Husband, White, Male, 7298, 0, 35, United-States, >50K
59, Private, 139344, Some-college, 10, Married-civ-spouse, Adm-clerical, Wife, White, Female, 0, 0, 40, United-States, >50K
33, Private, 362747, Some-college, 10, Never-married, Other-service, Not-in-family, Black, Female, 0, 0, 35, United-States, <=50K
24, Private, 498349, Bachelors, 13, Never-married, Transport-moving, Unmarried, Black, Female, 0, 0, 40, United-States, <=50K
43, Private, 111483, Some-college, 10, Married-civ-spouse, Sales, Husband, White, Male, 7298, 0, 40, United-States, >50K
40, Self-emp-inc, 76625, HS-grad, 9, Married-civ-spouse, Handlers-cleaners, Husband, White, Male, 0, 0, 40, United-States, <=50K
43, Private, 135606, Masters, 14, Divorced, Exec-managerial, Not-in-family, White, Female, 0, 0, 50, United-States, >50K
56, Private, 189975, Some-college, 10, Married-civ-spouse, Craft-repair, Husband, White, Male, 0, 1902, 60, United-States, >50K
20, Private, 151780, Assoc-voc, 11, Never-married, Sales, Not-in-family, Black, Female, 0, 0, 35, United-States, <=50K
29, Private, 247151, 11th, 7, Divorced, Machine-op-inspct, Unmarried, White, Female, 0, 0, 40, United-States, <=50K
40, Federal-gov, 178866, HS-grad, 9, Married-civ-spouse, Adm-clerical, Wife, White, Female, 0, 0, 20, United-States, >50K
20, Local-gov, 188950, Some-college, 10, Never-married, Protective-serv, Own-child, White, Male, 0, 0, 25, United-States, <=50K
48, Private, 140782, Masters, 14, Married-civ-spouse, Exec-managerial, Wife, White, Female, 0, 1902, 38, United-States, >50K
34, Private, 56121, 11th, 7, Divorced, Craft-repair, Unmarried, White, Male, 0, 0, 40, United-States, <=50K
35, Private, 226789, Some-college, 10, Married-civ-spouse, Exec-managerial, Husband, White, Male, 0, 0, 58, United-States, <=50K
18, Private, 170627, 11th, 7, Never-married, Other-service, Own-child, White, Female, 0, 0, 15, United-States, <=50K
30, Private, 207253, Assoc-voc, 11, Married-civ-spouse, Craft-repair, Husband, White, Male, 0, 0, 40, England, <=50K
33, Private, 35378, Bachelors, 13, Married-civ-spouse, Sales, Wife, White, Female, 0, 0, 45, United-States, >50K
19, Private, 108147, Some-college, 10, Never-married, Adm-clerical, Own-child, White, Female, 0, 0, 15, United-States, <=50K
42, Local-gov, 180318, 10th, 6, Never-married, Farming-fishing, Unmarried, White, Male, 0, 0, 35, United-States, <=50K
26, Private, 133373, Some-college, 10, Never-married, Sales, Own-child, White, Male, 0, 0, 42, United-States, <=50K
50, Private, 149770, Masters, 14, Never-married, Prof-specialty, Unmarried, White, Female, 0, 0, 40, United-States, <=50K
32, Private, 227931, Bachelors, 13, Never-married, Exec-managerial, Not-in-family, White, Female, 0, 0, 40, United-States, <=50K
35, Private, 82622, HS-grad, 9, Never-married, Other-service, Own-child, White, Male, 0, 0, 40, United-States, <=50K
67, ?, 125926, Some-college, 10, Married-civ-spouse, ?, Husband, White, Male, 0, 0, 8, United-States, <=50K
19, Private, 28119, Some-college, 10, Never-married, Other-service, Own-child, White, Female, 0, 0, 4, United-States, <=50K
67, ?, 183374, HS-grad, 9, Widowed, ?, Not-in-family, White, Female, 2329, 0, 15, United-States, <=50K
50, Private, 301583, HS-grad, 9, Never-married, Machine-op-inspct, Not-in-family, White, Male, 0, 0, 40, United-States, <=50K
18, Self-emp-inc, 119422, HS-grad, 9, Never-married, Other-service, Unmarried, Asian-Pac-Islander, Female, 0, 0, 30, India, <=50K
52, Private, 180881, Bachelors, 13, Married-civ-spouse, Exec-managerial, Husband, White, Male, 0, 0, 40, United-States, <=50K
41, Private, 317539, Some-college, 10, Married-civ-spouse, Craft-repair, Husband, Black, Male, 0, 0, 40, United-States, <=50K
22, Private, 167615, HS-grad, 9, Never-married, Sales, Unmarried, White, Female, 0, 0, 40, United-States, <=50K
25, Private, 221757, HS-grad, 9, Married-civ-spouse, Machine-op-inspct, Husband, White, Male, 0, 0, 40, United-States, <=50K
35, Private, 190895, Some-college, 10, Married-civ-spouse, Prof-specialty, Husband, White, Male, 0, 0, 60, United-States, <=50K
27, Private, 193898, Bachelors, 13, Married-civ-spouse, Sales, Husband, White, Male, 0, 0, 45, United-States, >50K
19, Private, 533147, HS-grad, 9, Never-married, Adm-clerical, Not-in-family, White, Male, 0, 0, 30, United-States, <=50K
63, State-gov, 194682, Doctorate, 16, Married-civ-spouse, Exec-managerial, Husband, White, Male, 0, 1902, 50, United-States, >50K
21, Private, 400635, Some-college, 10, Never-married, Other-service, Not-in-family, White, Female, 0, 0, 20, ?, <=50K
68, Private, 253866, Bachelors, 13, Married-civ-spouse, Sales, Husband, White, Male, 0, 0, 30, United-States, <=50K
51, Private, 220019, Assoc-acdm, 12, Divorced, Prof-specialty, Not-in-family, White, Female, 0, 0, 40, United-States, <=50K
49, Private, 200471, 11th, 7, Never-married, Other-service, Not-in-family, White, Male, 0, 0, 60, United-States, <=50K
34, Private, 376979, 9th, 5, Never-married, Craft-repair, Not-in-family, White, Male, 0, 0, 40, United-States, <=50K
22, Self-emp-not-inc, 197387, HS-grad, 9, Never-married, Farming-fishing, Own-child, White, Male, 0, 0, 40, United-States, <=50K
34, Private, 258675, HS-grad, 9, Never-married, Transport-moving, Own-child, White, Male, 0, 0, 40, United-States, <=50K
47, State-gov, 123219, Masters, 14, Married-civ-spouse, Prof-specialty, Husband, White, Male, 0, 0, 38, United-States, >50K
27, State-gov, 431637, Prof-school, 15, Never-married, Prof-specialty, Not-in-family, White, Male, 0, 0, 70, United-States, <=50K
21, Private, 129172, Some-college, 10, Never-married, Other-service, Other-relative, White, Male, 0, 0, 16, United-States, <=50K
27, Private, 298635, Masters, 14, Married-civ-spouse, Prof-specialty, Husband, Asian-Pac-Islander, Male, 0, 0, 40, Hong, >50K
43, Private, 203642, Bachelors, 13, Never-married, Prof-specialty, Not-in-family, White, Female, 0, 0, 40, United-States, >50K
46, Self-emp-inc, 110702, Some-college, 10, Divorced, Exec-managerial, Unmarried, White, Female, 2036, 0, 60, United-States, <=50K
23, Private, 37783, Some-college, 10, Never-married, Sales, Own-child, White, Female, 0, 0, 40, United-States, <=50K
35, Private, 127306, Assoc-voc, 11, Never-married, Adm-clerical, Own-child, White, Female, 14344, 0, 40, United-States, >50K
61, Private, 51385, Bachelors, 13, Married-civ-spouse, Sales, Husband, White, Male, 0, 0, 50, United-States, >50K
50, Private, 133963, Bachelors, 13, Married-civ-spouse, Prof-specialty, Wife, White, Female, 0, 1977, 40, United-States, >50K
21, Private, 195199, HS-grad, 9, Never-married, Prof-specialty, Own-child, White, Female, 0, 0, 30, United-States, <=50K
59, Private, 175290, 7th-8th, 4, Never-married, Other-service, Other-relative, White, Male, 0, 0, 32, United-States, <=50K
31, Private, 363130, HS-grad, 9, Never-married, Other-service, Unmarried, Black, Male, 0, 0, 18, United-States, <=50K
33, Private, 91811, HS-grad, 9, Separated, Transport-moving, Not-in-family, White, Male, 0, 0, 40, United-States, <=50K
33, Private, 163003, Bachelors, 13, Never-married, Exec-managerial, Other-relative, Asian-Pac-Islander, Female, 0, 0, 40, Philippines, <=50K
59, Self-emp-not-inc, 73411, Prof-school, 15, Married-civ-spouse, Farming-fishing, Husband, White, Male, 0, 0, 30, United-States, <=50K
32, Private, 198183, Some-college, 10, Divorced, Exec-managerial, Not-in-family, White, Female, 0, 0, 38, United-States, <=50K
25, Private, 114150, HS-grad, 9, Never-married, Handlers-cleaners, Other-relative, White, Male, 0, 0, 40, United-States, <=50K
46, Private, 149161, Some-college, 10, Married-civ-spouse, Exec-managerial, Husband, Asian-Pac-Islander, Male, 0, 0, 60, ?, <=50K
37, Private, 164526, Bachelors, 13, Married-civ-spouse, Prof-specialty, Husband, White, Male, 0, 0, 40, United-States, <=50K
49, Private, 189462, HS-grad, 9, Married-civ-spouse, Craft-repair, Husband, White, Male, 0, 0, 40, United-States, <=50K
55, Self-emp-not-inc, 248841, Masters, 14, Married-civ-spouse, Prof-specialty, Husband, White, Male, 0, 1977, 40, United-States, >50K
47, Private, 180551, Some-college, 10, Married-civ-spouse, Transport-moving, Husband, White, Male, 0, 0, 50, United-States, <=50K
58, Private, 137506, HS-grad, 9, Married-civ-spouse, Machine-op-inspct, Husband, White, Male, 0, 0, 40, United-States, <=50K
18, Private, 56613, Some-college, 10, Never-married, Protective-serv, Own-child, White, Female, 0, 0, 20, United-States, <=50K
65, Local-gov, 103153, 7th-8th, 4, Married-civ-spouse, Exec-managerial, Husband, White, Male, 0, 1411, 40, United-States, <=50K
31, Local-gov, 48520, Assoc-acdm, 12, Never-married, Protective-serv, Unmarried, White, Male, 0, 0, 40, United-States, <=50K
39, Private, 315565, HS-grad, 9, Married-civ-spouse, Transport-moving, Husband, Black, Male, 0, 0, 40, Cuba, <=50K
37, Local-gov, 108540, HS-grad, 9, Married-civ-spouse, Craft-repair, Husband, White, Male, 0, 0, 40, United-States, <=50K
45, Private, 185385, HS-grad, 9, Married-civ-spouse, Craft-repair, Husband, White, Male, 0, 0, 47, United-States, >50K
62, ?, 199198, 11th, 7, Divorced, ?, Not-in-family, Black, Female, 0, 0, 40, United-States, <=50K
23, Private, 413345, Bachelors, 13, Never-married, Adm-clerical, Not-in-family, White, Female, 0, 0, 60, United-States, <=50K
22, Private, 65225, 10th, 6, Never-married, Other-service, Own-child, White, Female, 0, 0, 40, United-States, <=50K
17, ?, 212125, 10th, 6, Never-married, ?, Own-child, White, Female, 0, 0, 20, United-States, <=50K
43, Federal-gov, 233851, HS-grad, 9, Married-civ-spouse, Adm-clerical, Wife, White, Female, 0, 0, 40, United-States, >50K
50, Self-emp-not-inc, 132716, Prof-school, 15, Married-civ-spouse, Exec-managerial, Husband, White, Male, 99999, 0, 50, United-States, >50K
25, Private, 195914, Some-college, 10, Never-married, Sales, Own-child, Black, Female, 3418, 0, 30, United-States, <=50K
30, Private, 147430, HS-grad, 9, Married-spouse-absent, Adm-clerical, Not-in-family, White, Female, 0, 0, 40, United-States, <=50K
84, Local-gov, 163685, HS-grad, 9, Widowed, Exec-managerial, Not-in-family, White, Female, 0, 0, 33, United-States, <=50K
57, Self-emp-inc, 165881, Prof-school, 15, Married-civ-spouse, Prof-specialty, Husband, White, Male, 0, 0, 40, United-States, <=50K
31, Private, 349148, HS-grad, 9, Married-civ-spouse, Craft-repair, Husband, White, Male, 0, 0, 40, United-States, >50K
25, Private, 239461, Masters, 14, Never-married, Prof-specialty, Own-child, White, Male, 0, 0, 35, United-States, <=50K
31, Private, 185528, Some-college, 10, Divorced, Sales, Own-child, White, Female, 0, 0, 35, United-States, <=50K
27, Private, 255582, HS-grad, 9, Never-married, Machine-op-inspct, Not-in-family, White, Female, 0, 0, 40, United-States, <=50K
59, Self-emp-not-inc, 174056, Bachelors, 13, Married-civ-spouse, Sales, Husband, White, Male, 15024, 0, 40, United-States, >50K
20, Private, 200450, 7th-8th, 4, Never-married, Machine-op-inspct, Own-child, White, Female, 0, 0, 52, United-States, <=50K
32, Private, 30271, Some-college, 10, Divorced, Exec-managerial, Unmarried, White, Female, 0, 0, 30, United-States, <=50K
43, Private, 346321, Masters, 14, Married-civ-spouse, Prof-specialty, Husband, White, Male, 0, 0, 45, United-States, >50K
60, Local-gov, 98350, Some-college, 10, Married-civ-spouse, Other-service, Husband, Asian-Pac-Islander, Male, 0, 0, 60, Philippines, <=50K
32, Local-gov, 127651, HS-grad, 9, Married-civ-spouse, Craft-repair, Husband, White, Male, 0, 0, 40, United-States, >50K
43, Private, 326379, HS-grad, 9, Divorced, Craft-repair, Not-in-family, White, Male, 0, 0, 40, United-States, <=50K
48, Private, 48885, HS-grad, 9, Divorced, Other-service, Not-in-family, White, Female, 0, 0, 35, United-States, <=50K
26, Private, 183077, Assoc-voc, 11, Never-married, Adm-clerical, Own-child, White, Female, 0, 0, 40, United-States, <=50K
40, Private, 520586, Some-college, 10, Divorced, Adm-clerical, Unmarried, White, Female, 0, 0, 39, United-States, <=50K
43, Self-emp-inc, 130126, Some-college, 10, Married-civ-spouse, Exec-managerial, Husband, White, Male, 15024, 0, 45, United-States, >50K
35, State-gov, 154410, Some-college, 10, Never-married, Farming-fishing, Own-child, White, Male, 0, 0, 40, United-States, <=50K
66, ?, 186032, Assoc-voc, 11, Widowed, ?, Not-in-family, White, Female, 2964, 0, 30, United-States, <=50K
22, Private, 204935, HS-grad, 9, Never-married, Machine-op-inspct, Own-child, White, Male, 0, 0, 40, United-States, <=50K
23, Private, 256278, 7th-8th, 4, Married-civ-spouse, Handlers-cleaners, Other-relative, Other, Female, 0, 0, 30, El-Salvador, <=50K
35, Private, 342824, HS-grad, 9, Never-married, Tech-support, Not-in-family, White, Female, 1151, 0, 40, United-States, <=50K
22, Private, 283969, HS-grad, 9, Never-married, Machine-op-inspct, Own-child, White, Male, 0, 0, 40, Mexico, <=50K
42, Self-emp-not-inc, 351161, Bachelors, 13, Married-civ-spouse, Prof-specialty, Husband, White, Male, 0, 1887, 40, United-States, >50K
24, ?, 138504, HS-grad, 9, Separated, ?, Unmarried, Black, Female, 0, 0, 37, United-States, <=50K
22, Private, 141297, Some-college, 10, Never-married, Tech-support, Own-child, White, Male, 0, 0, 40, United-States, <=50K
41, Private, 223548, 1st-4th, 2, Married-civ-spouse, Machine-op-inspct, Husband, White, Male, 0, 0, 40, Mexico, <=50K
26, Private, 310907, Some-college, 10, Married-civ-spouse, Exec-managerial, Wife, White, Female, 0, 0, 35, United-States, <=50K
80, ?, 107762, HS-grad, 9, Widowed, ?, Not-in-family, White, Male, 0, 0, 24, United-States, <=50K
36, Local-gov, 130620, HS-grad, 9, Married-civ-spouse, Adm-clerical, Wife, Asian-Pac-Islander, Female, 0, 0, 40, China, >50K
50, Private, 99925, HS-grad, 9, Married-civ-spouse, Adm-clerical, Husband, White, Male, 0, 0, 32, United-States, <=50K
42, Private, 310632, Some-college, 10, Married-civ-spouse, Craft-repair, Husband, Black, Male, 0, 0, 40, United-States, >50K
46, Private, 146919, HS-grad, 9, Separated, Sales, Not-in-family, White, Female, 0, 0, 40, United-States, <=50K
33, ?, 119918, Bachelors, 13, Never-married, ?, Not-in-family, Black, Male, 0, 0, 45, ?, <=50K
33, Private, 181091, Bachelors, 13, Married-civ-spouse, Adm-clerical, Husband, White, Male, 0, 0, 60, Iran, >50K
23, Private, 189203, HS-grad, 9, Never-married, Sales, Not-in-family, White, Male, 0, 0, 40, United-States, <=50K
38, Private, 213716, Assoc-voc, 11, Divorced, Other-service, Not-in-family, White, Female, 0, 0, 30, United-States, <=50K
20, Private, 130959, Some-college, 10, Never-married, Other-service, Own-child, White, Male, 0, 0, 20, United-States, <=50K
25, Private, 178478, Bachelors, 13, Never-married, Tech-support, Own-child, White, Female, 0, 0, 40, United-States, <=50K
55, Private, 226875, HS-grad, 9, Married-civ-spouse, Sales, Husband, White, Male, 4064, 0, 40, United-States, <=50K
57, Private, 158077, Bachelors, 13, Married-civ-spouse, Sales, Wife, White, Female, 0, 0, 40, United-States, <=50K
43, Self-emp-not-inc, 193459, Some-college, 10, Married-civ-spouse, Craft-repair, Husband, White, Male, 0, 0, 60, United-States, <=50K
24, Private, 202721, Some-college, 10, Never-married, Adm-clerical, Own-child, Black, Female, 0, 0, 40, United-States, <=50K
23, Private, 380544, Some-college, 10, Married-civ-spouse, Adm-clerical, Husband, White, Male, 0, 0, 40, United-States, >50K
49, Private, 265295, HS-grad, 9, Never-married, Craft-repair, Not-in-family, White, Male, 0, 0, 40, United-States, <=50K
43, Private, 147110, Some-college, 10, Never-married, Adm-clerical, Unmarried, White, Male, 0, 0, 48, United-States, >50K
46, Private, 172581, Bachelors, 13, Married-civ-spouse, Exec-managerial, Husband, White, Male, 0, 1902, 50, United-States, >50K
90, ?, 256514, Bachelors, 13, Widowed, ?, Other-relative, White, Female, 991, 0, 10, United-States, <=50K
48, Private, 273828, 5th-6th, 3, Never-married, Handlers-cleaners, Not-in-family, White, Male, 0, 0, 40, Mexico, <=50K
54, Private, 24108, Some-college, 10, Separated, Exec-managerial, Not-in-family, White, Female, 0, 0, 40, United-States, <=50K
33, Private, 175479, 5th-6th, 3, Never-married, Other-service, Unmarried, White, Female, 0, 0, 40, Mexico, <=50K
28, Private, 158737, 12th, 8, Married-civ-spouse, Machine-op-inspct, Other-relative, Other, Male, 0, 0, 40, Ecuador, <=50K
50, Private, 172511, Some-college, 10, Married-civ-spouse, Craft-repair, Husband, White, Male, 0, 0, 40, United-States, >50K
49, State-gov, 36177, Bachelors, 13, Married-civ-spouse, Exec-managerial, Husband, White, Male, 0, 0, 45, United-States, >50K
56, Private, 147653, HS-grad, 9, Divorced, Adm-clerical, Unmarried, White, Female, 0, 0, 32, United-States, <=50K
31, Private, 331065, Bachelors, 13, Never-married, Exec-managerial, Not-in-family, White, Female, 0, 1408, 40, United-States, <=50K
27, Self-emp-inc, 190911, HS-grad, 9, Never-married, Sales, Own-child, White, Male, 0, 0, 45, United-States, <=50K
45, State-gov, 271962, Bachelors, 13, Divorced, Protective-serv, Not-in-family, White, Female, 0, 0, 40, United-States, <=50K
46, Private, 169699, HS-grad, 9, Married-civ-spouse, Craft-repair, Husband, White, Male, 0, 0, 40, United-States, <=50K
44, Private, 178134, Prof-school, 15, Never-married, Prof-specialty, Not-in-family, White, Female, 0, 0, 40, United-States, >50K
47, Private, 114459, HS-grad, 9, Married-civ-spouse, Sales, Husband, White, Male, 0, 0, 40, United-States, >50K
39, Private, 290922, Masters, 14, Never-married, Prof-specialty, Own-child, White, Female, 0, 0, 40, United-States, <=50K
50, Local-gov, 100480, Masters, 14, Married-civ-spouse, Exec-managerial, Husband, White, Male, 0, 0, 60, United-States, >50K
53, Local-gov, 549341, Bachelors, 13, Married-civ-spouse, Prof-specialty, Husband, Black, Male, 0, 0, 35, United-States, <=50K
23, Private, 291407, Some-college, 10, Never-married, Sales, Own-child, Black, Male, 0, 0, 25, United-States, <=50K
33, Private, 53373, HS-grad, 9, Married-civ-spouse, Craft-repair, Husband, White, Male, 0, 0, 35, United-States, <=50K
32, Private, 158242, Bachelors, 13, Never-married, Prof-specialty, Not-in-family, White, Female, 0, 0, 40, United-States, <=50K
25, Private, 57512, Some-college, 10, Never-married, Sales, Not-in-family, White, Male, 0, 0, 45, United-States, <=50K
27, Private, 243569, 11th, 7, Married-civ-spouse, Handlers-cleaners, Husband, White, Male, 3942, 0, 40, United-States, <=50K
24, State-gov, 215797, Bachelors, 13, Never-married, Tech-support, Not-in-family, White, Female, 0, 0, 40, United-States, <=50K
19, Private, 85690, HS-grad, 9, Never-married, Machine-op-inspct, Unmarried, White, Male, 0, 0, 30, United-States, <=50K
36, Private, 63509, Assoc-acdm, 12, Married-civ-spouse, Prof-specialty, Husband, White, Male, 0, 0, 48, United-States, >50K
42, Private, 66755, 7th-8th, 4, Married-civ-spouse, Craft-repair, Husband, Other, Male, 0, 0, 40, United-States, <=50K
45, Private, 80430, HS-grad, 9, Divorced, Other-service, Not-in-family, White, Female, 0, 0, 40, United-States, <=50K
56, Private, 203580, HS-grad, 9, Married-civ-spouse, Adm-clerical, Husband, White, Male, 0, 0, 35, ?, <=50K
41, Private, 200671, Bachelors, 13, Divorced, Transport-moving, Own-child, Black, Male, 6497, 0, 40, United-States, <=50K
41, Private, 58880, Bachelors, 13, Married-civ-spouse, Prof-specialty, Wife, White, Female, 7688, 0, 10, United-States, >50K
46, Federal-gov, 349230, Assoc-voc, 11, Married-civ-spouse, Tech-support, Husband, White, Male, 0, 1848, 40, United-States, >50K
51, Self-emp-not-inc, 120781, Prof-school, 15, Married-civ-spouse, Prof-specialty, Husband, Other, Male, 99999, 0, 70, India, >50K
48, Private, 174386, Masters, 14, Married-civ-spouse, Prof-specialty, Husband, White, Male, 0, 0, 40, El-Salvador, >50K
27, Private, 284196, 10th, 6, Divorced, Other-service, Not-in-family, White, Female, 0, 0, 40, United-States, <=50K
56, Private, 266091, Bachelors, 13, Never-married, Prof-specialty, Not-in-family, White, Female, 0, 0, 45, Mexico, <=50K
52, Private, 245275, 10th, 6, Married-civ-spouse, Other-service, Wife, White, Female, 0, 0, 35, United-States, <=50K
18, ?, 175648, 11th, 7, Never-married, ?, Own-child, White, Male, 0, 0, 40, United-States, <=50K
58, Private, 163113, HS-grad, 9, Widowed, Sales, Not-in-family, White, Female, 0, 0, 35, United-States, >50K
56, Self-emp-not-inc, 144380, Some-college, 10, Married-spouse-absent, Prof-specialty, Not-in-family, Black, Male, 0, 0, 50, United-States, <=50K
36, Self-emp-not-inc, 223789, Masters, 14, Married-civ-spouse, Prof-specialty, Husband, White, Male, 0, 0, 45, United-States, >50K
43, Private, 112181, Assoc-voc, 11, Married-civ-spouse, Tech-support, Wife, White, Female, 0, 1902, 32, United-States, >50K
22, Private, 105592, Assoc-acdm, 12, Never-married, Transport-moving, Not-in-family, White, Male, 0, 0, 45, United-States, <=50K
44, Private, 43711, Assoc-acdm, 12, Married-civ-spouse, Sales, Husband, White, Male, 7688, 0, 40, United-States, >50K
36, Private, 174717, Bachelors, 13, Married-civ-spouse, Prof-specialty, Husband, White, Male, 7688, 0, 40, United-States, >50K
33, Private, 214129, Some-college, 10, Divorced, Adm-clerical, Not-in-family, White, Female, 0, 0, 40, United-States, <=50K
56, Self-emp-inc, 119891, Some-college, 10, Married-civ-spouse, Exec-managerial, Husband, White, Male, 0, 1672, 40, United-States, <=50K
32, Self-emp-not-inc, 188246, HS-grad, 9, Divorced, Sales, Own-child, White, Male, 0, 1590, 62, United-States, <=50K
30, Private, 188146, HS-grad, 9, Married-civ-spouse, Machine-op-inspct, Husband, White, Male, 5013, 0, 40, United-States, <=50K
33, State-gov, 291494, Doctorate, 16, Married-civ-spouse, Prof-specialty, Husband, White, Male, 0, 0, 50, United-States, >50K
32, Private, 35595, Bachelors, 13, Never-married, Adm-clerical, Not-in-family, White, Male, 0, 0, 40, United-States, <=50K
42, Private, 195508, 11th, 7, Married-civ-spouse, Transport-moving, Husband, Black, Male, 0, 0, 40, United-States, <=50K
28, Private, 152951, HS-grad, 9, Divorced, Handlers-cleaners, Not-in-family, White, Male, 0, 0, 40, United-States, <=50K
66, Self-emp-not-inc, 298834, Assoc-voc, 11, Married-civ-spouse, Prof-specialty, Husband, White, Male, 0, 0, 50, United-States, <=50K
59, Self-emp-not-inc, 80467, HS-grad, 9, Divorced, Other-service, Own-child, White, Female, 0, 0, 24, United-States, <=50K
40, State-gov, 345969, Assoc-acdm, 12, Married-civ-spouse, Adm-clerical, Husband, White, Male, 0, 0, 40, United-States, >50K
54, Private, 101017, 7th-8th, 4, Married-civ-spouse, Craft-repair, Husband, White, Male, 0, 0, 40, United-States, <=50K
22, Private, 31387, Bachelors, 13, Married-civ-spouse, Adm-clerical, Own-child, Amer-Indian-Eskimo, Female, 2885, 0, 25, United-States, <=50K
49, Self-emp-not-inc, 349986, Bachelors, 13, Married-civ-spouse, Prof-specialty, Husband, White, Male, 0, 0, 60, United-States, >50K
19, Local-gov, 167816, HS-grad, 9, Divorced, Exec-managerial, Not-in-family, White, Female, 0, 0, 35, United-States, <=50K
36, Private, 282092, Assoc-acdm, 12, Never-married, Tech-support, Not-in-family, White, Female, 0, 0, 40, United-States, <=50K
76, Private, 199949, Bachelors, 13, Married-civ-spouse, Adm-clerical, Husband, White, Male, 20051, 0, 50, United-States, >50K
22, Private, 427686, 10th, 6, Divorced, Craft-repair, Own-child, White, Male, 0, 0, 40, United-States, <=50K
40, Self-emp-not-inc, 167081, Masters, 14, Married-civ-spouse, Sales, Husband, White, Male, 3103, 0, 50, United-States, <=50K
50, Private, 113290, HS-grad, 9, Married-civ-spouse, Sales, Wife, White, Female, 0, 0, 15, United-States, <=50K
37, Private, 187311, Some-college, 10, Never-married, Adm-clerical, Not-in-family, White, Female, 0, 0, 60, United-States, <=50K
44, Private, 201924, Bachelors, 13, Divorced, Sales, Unmarried, White, Female, 0, 0, 35, United-States, <=50K
42, Private, 195821, HS-grad, 9, Separated, Sales, Unmarried, White, Female, 0, 0, 40, United-States, <=50K
25, Private, 113436, Some-college, 10, Never-married, Adm-clerical, Own-child, White, Male, 0, 0, 15, United-States, <=50K
31, Private, 220066, Bachelors, 13, Never-married, Exec-managerial, Not-in-family, White, Female, 14344, 0, 50, United-States, >50K
47, Private, 148884, HS-grad, 9, Married-civ-spouse, Transport-moving, Husband, White, Male, 0, 0, 60, United-States, <=50K
29, Private, 185647, Some-college, 10, Never-married, Tech-support, Own-child, White, Male, 0, 0, 60, United-States, <=50K
71, Self-emp-inc, 118119, Some-college, 10, Married-civ-spouse, Exec-managerial, Husband, White, Male, 20051, 0, 50, United-States, >50K
20, Private, 94364, Some-college, 10, Never-married, Prof-specialty, Not-in-family, Other, Female, 0, 0, 20, United-States, <=50K
48, Private, 210424, HS-grad, 9, Separated, Adm-clerical, Unmarried, White, Female, 914, 0, 40, United-States, <=50K
29, Private, 24153, Some-college, 10, Married-civ-spouse, Other-service, Wife, Amer-Indian-Eskimo, Female, 0, 0, 40, United-States, <=50K
37, Private, 230408, HS-grad, 9, Divorced, Other-service, Not-in-family, Black, Female, 0, 0, 20, United-States, <=50K
28, Private, 206125, Some-college, 10, Married-civ-spouse, Craft-repair, Husband, White, Male, 0, 0, 40, United-States, <=50K
41, Private, 187336, HS-grad, 9, Separated, Adm-clerical, Unmarried, White, Female, 0, 0, 40, United-States, <=50K
59, Private, 395736, HS-grad, 9, Married-civ-spouse, Handlers-cleaners, Husband, White, Male, 0, 0, 40, United-States, >50K
49, Private, 120629, Some-college, 10, Widowed, Sales, Unmarried, White, Female, 0, 0, 30, United-States, <=50K
71, Private, 162297, HS-grad, 9, Widowed, Sales, Unmarried, White, Female, 0, 0, 20, United-States, <=50K
50, Self-emp-inc, 156623, Prof-school, 15, Married-civ-spouse, Prof-specialty, Husband, Asian-Pac-Islander, Male, 7688, 0, 50, Philippines, >50K
63, Private, 154526, Some-college, 10, Widowed, Other-service, Not-in-family, White, Female, 0, 0, 40, United-States, <=50K
58, Self-emp-not-inc, 165315, HS-grad, 9, Married-civ-spouse, Sales, Husband, White, Male, 0, 0, 35, United-States, >50K
36, Private, 102864, HS-grad, 9, Never-married, Machine-op-inspct, Own-child, White, Female, 0, 0, 40, United-States, <=50K
54, Private, 104421, Some-college, 10, Divorced, Adm-clerical, Not-in-family, White, Female, 0, 0, 40, United-States, <=50K
31, Private, 37546, Bachelors, 13, Never-married, Prof-specialty, Not-in-family, White, Female, 0, 0, 40, United-States, <=50K
28, Private, 221366, Some-college, 10, Never-married, Craft-repair, Own-child, White, Male, 0, 0, 40, United-States, <=50K
52, Local-gov, 155141, Doctorate, 16, Married-civ-spouse, Prof-specialty, Wife, White, Female, 0, 0, 40, United-States, >50K
31, Private, 124827, Assoc-voc, 11, Married-civ-spouse, Sales, Husband, White, Male, 0, 0, 40, United-States, >50K
32, Private, 390157, Bachelors, 13, Never-married, Prof-specialty, Not-in-family, Black, Female, 0, 0, 40, United-States, <=50K
18, Private, 110230, 10th, 6, Never-married, Other-service, Own-child, White, Male, 0, 0, 11, United-States, <=50K
39, Local-gov, 352628, Assoc-acdm, 12, Married-civ-spouse, Craft-repair, Wife, White, Female, 0, 0, 50, United-States, >50K
38, Private, 186359, Some-college, 10, Married-civ-spouse, Exec-managerial, Husband, White, Male, 0, 0, 40, United-States, >50K
62, Self-emp-inc, 245491, Bachelors, 13, Divorced, Sales, Not-in-family, White, Male, 99999, 0, 40, United-States, >50K
42, Private, 317078, HS-grad, 9, Divorced, Machine-op-inspct, Not-in-family, Black, Male, 0, 0, 40, United-States, <=50K
18, Private, 137363, 12th, 8, Never-married, Other-service, Own-child, White, Female, 0, 0, 20, United-States, <=50K
27, Private, 118230, Bachelors, 13, Never-married, Exec-managerial, Own-child, White, Female, 0, 0, 40, United-States, <=50K
36, Private, 460437, 9th, 5, Divorced, Sales, Not-in-family, White, Female, 0, 0, 40, United-States, <=50K
32, Private, 180799, Some-college, 10, Married-civ-spouse, Transport-moving, Husband, White, Male, 0, 0, 60, United-States, >50K
45, Private, 155489, Some-college, 10, Married-civ-spouse, Sales, Husband, White, Male, 0, 0, 60, United-States, >50K
28, Private, 55360, Some-college, 10, Never-married, Sales, Not-in-family, Black, Male, 0, 0, 50, United-States, <=50K
41, Private, 184102, 11th, 7, Divorced, Other-service, Not-in-family, White, Male, 0, 0, 40, United-States, <=50K
70, Self-emp-inc, 243436, 9th, 5, Divorced, Sales, Not-in-family, White, Male, 0, 0, 45, United-States, <=50K
19, Private, 292511, Some-college, 10, Never-married, Other-service, Own-child, White, Male, 0, 0, 25, United-States, <=50K
38, Local-gov, 201410, Bachelors, 13, Married-civ-spouse, Exec-managerial, Husband, White, Male, 0, 0, 40, United-States, >50K
45, Private, 182655, Bachelors, 13, Divorced, Other-service, Not-in-family, White, Male, 0, 0, 45, ?, >50K
26, Private, 34393, Some-college, 10, Divorced, Adm-clerical, Not-in-family, White, Female, 0, 0, 40, United-States, <=50K
39, Private, 421633, Some-college, 10, Divorced, Protective-serv, Unmarried, Black, Female, 0, 0, 30, United-States, <=50K
19, Private, 279968, HS-grad, 9, Never-married, Adm-clerical, Not-in-family, White, Female, 0, 0, 42, United-States, <=50K
45, Private, 122206, HS-grad, 9, Married-civ-spouse, Transport-moving, Husband, White, Male, 0, 0, 40, United-States, <=50K
32, Private, 32406, Bachelors, 13, Never-married, Prof-specialty, Not-in-family, White, Female, 0, 0, 50, United-States, <=50K
31, Private, 334744, HS-grad, 9, Separated, Transport-moving, Not-in-family, White, Male, 0, 0, 40, United-States, <=50K
27, Private, 183627, Bachelors, 13, Married-civ-spouse, Exec-managerial, Husband, White, Male, 0, 1977, 50, United-States, >50K
27, Private, 215504, Bachelors, 13, Married-civ-spouse, Sales, Husband, White, Male, 0, 1848, 55, United-States, >50K
37, Self-emp-not-inc, 154641, Assoc-acdm, 12, Married-civ-spouse, Farming-fishing, Husband, White, Male, 2105, 0, 50, United-States, <=50K
34, Private, 73199, 11th, 7, Never-married, Other-service, Own-child, Asian-Pac-Islander, Male, 0, 0, 40, Philippines, <=50K
18, Private, 156764, 11th, 7, Never-married, Other-service, Own-child, White, Male, 0, 0, 40, United-States, <=50K
34, Private, 176469, Bachelors, 13, Never-married, Sales, Not-in-family, White, Male, 0, 0, 38, United-States, <=50K
20, ?, 201766, Some-college, 10, Never-married, ?, Own-child, White, Female, 0, 0, 35, United-States, <=50K
32, Private, 36302, Some-college, 10, Married-civ-spouse, Adm-clerical, Husband, White, Male, 0, 0, 50, United-States, <=50K
33, Private, 296453, Masters, 14, Married-civ-spouse, Tech-support, Husband, White, Male, 0, 0, 15, United-States, <=50K
27, Private, 221252, HS-grad, 9, Never-married, Adm-clerical, Not-in-family, Amer-Indian-Eskimo, Female, 0, 0, 8, United-States, <=50K
33, Private, 58582, HS-grad, 9, Married-civ-spouse, Machine-op-inspct, Husband, White, Male, 0, 0, 40, United-States, <=50K
29, Private, 214858, Bachelors, 13, Married-civ-spouse, Sales, Husband, White, Male, 0, 0, 40, United-States, >50K
35, Private, 241306, Assoc-voc, 11, Married-civ-spouse, Tech-support, Husband, White, Male, 0, 0, 40, United-States, >50K
54, Private, 154728, Assoc-voc, 11, Married-civ-spouse, Tech-support, Husband, White, Male, 7688, 0, 40, United-States, >50K
60, Private, 193235, Assoc-acdm, 12, Married-civ-spouse, Adm-clerical, Husband, White, Male, 0, 0, 24, United-States, <=50K
41, Self-emp-not-inc, 151990, Assoc-voc, 11, Married-civ-spouse, Prof-specialty, Wife, White, Female, 0, 0, 15, United-States, >50K
42, Private, 385591, HS-grad, 9, Married-civ-spouse, Exec-managerial, Husband, White, Male, 0, 0, 50, United-States, >50K
47, Federal-gov, 197332, Bachelors, 13, Divorced, Prof-specialty, Not-in-family, White, Male, 0, 0, 40, United-States, <=50K
23, Private, 257509, Some-college, 10, Never-married, Sales, Not-in-family, White, Male, 0, 0, 25, United-States, <=50K
33, Private, 190772, HS-grad, 9, Never-married, Adm-clerical, Not-in-family, White, Female, 0, 1617, 40, United-States, <=50K
44, State-gov, 150755, Bachelors, 13, Married-civ-spouse, Adm-clerical, Husband, White, Male, 5013, 0, 40, United-States, <=50K
57, Private, 41762, HS-grad, 9, Married-civ-spouse, Craft-repair, Husband, Asian-Pac-Islander, Male, 0, 0, 40, South, >50K
39, Private, 42044, 11th, 7, Married-civ-spouse, Transport-moving, Husband, White, Male, 0, 0, 40, United-States, <=50K
35, Private, 213208, Assoc-voc, 11, Married-civ-spouse, Tech-support, Husband, Black, Male, 0, 0, 38, Jamaica, <=50K
34, Private, 193565, 11th, 7, Married-civ-spouse, Craft-repair, Husband, White, Male, 0, 0, 40, United-States, <=50K
30, Private, 151001, 5th-6th, 3, Married-civ-spouse, Machine-op-inspct, Husband, White, Male, 3464, 0, 40, Mexico, <=50K
39, Federal-gov, 376455, Prof-school, 15, Married-civ-spouse, Prof-specialty, Husband, White, Male, 0, 1887, 50, United-States, >50K
20, Private, 164574, HS-grad, 9, Never-married, Other-service, Own-child, White, Male, 0, 0, 30, United-States, <=50K
48, Private, 96798, Masters, 14, Divorced, Sales, Not-in-family, White, Male, 0, 0, 35, United-States, <=50K
25, State-gov, 260754, Bachelors, 13, Never-married, Protective-serv, Not-in-family, Black, Male, 0, 0, 40, United-States, <=50K
38, Private, 108140, Bachelors, 13, Never-married, Exec-managerial, Not-in-family, White, Male, 2202, 0, 45, United-States, <=50K
34, Self-emp-not-inc, 320194, Prof-school, 15, Separated, Prof-specialty, Unmarried, White, Male, 0, 0, 48, United-States, >50K
29, Private, 197565, Assoc-voc, 11, Never-married, Adm-clerical, Own-child, White, Female, 0, 0, 35, United-States, <=50K
40, Local-gov, 99679, Prof-school, 15, Never-married, Exec-managerial, Not-in-family, White, Male, 0, 0, 60, United-States, >50K
42, Private, 52781, Bachelors, 13, Married-civ-spouse, Prof-specialty, Husband, White, Male, 7688, 0, 40, United-States, >50K
26, Private, 391349, Bachelors, 13, Married-civ-spouse, Adm-clerical, Wife, White, Female, 0, 0, 40, United-States, >50K
36, Private, 133569, 1st-4th, 2, Never-married, Farming-fishing, Not-in-family, White, Male, 0, 0, 40, Mexico, <=50K
19, Private, 198320, HS-grad, 9, Never-married, Other-service, Not-in-family, White, Female, 0, 0, 45, United-States, <=50K
32, Private, 207937, Some-college, 10, Never-married, Craft-repair, Not-in-family, White, Male, 0, 0, 40, United-States, <=50K
43, Private, 167265, Bachelors, 13, Married-civ-spouse, Craft-repair, Husband, White, Male, 0, 0, 84, United-States, >50K
62, ?, 144583, HS-grad, 9, Married-civ-spouse, ?, Husband, White, Male, 0, 0, 40, United-States, <=50K
51, Private, 95946, Bachelors, 13, Married-civ-spouse, Prof-specialty, Husband, White, Male, 0, 0, 50, United-States, >50K
51, Private, 159910, Bachelors, 13, Divorced, Exec-managerial, Not-in-family, Black, Male, 10520, 0, 40, United-States, >50K
90, Self-emp-not-inc, 82628, HS-grad, 9, Never-married, Exec-managerial, Not-in-family, White, Male, 2964, 0, 12, United-States, <=50K
27, Private, 207611, HS-grad, 9, Never-married, Other-service, Not-in-family, White, Female, 0, 0, 52, United-States, <=50K
34, Private, 236861, HS-grad, 9, Married-civ-spouse, Other-service, Husband, White, Male, 0, 0, 45, United-States, <=50K
21, Self-emp-not-inc, 99199, HS-grad, 9, Married-civ-spouse, Craft-repair, Husband, White, Male, 0, 0, 40, United-States, <=50K
30, Private, 179446, HS-grad, 9, Separated, Adm-clerical, Unmarried, White, Female, 0, 0, 40, United-States, <=50K
38, Private, 165930, HS-grad, 9, Married-civ-spouse, Craft-repair, Husband, White, Male, 0, 0, 40, United-States, <=50K
25, Self-emp-not-inc, 191803, Assoc-acdm, 12, Never-married, Sales, Not-in-family, White, Male, 0, 0, 50, United-States, <=50K
51, Private, 57698, HS-grad, 9, Married-spouse-absent, Other-service, Unmarried, White, Female, 0, 0, 40, United-States, <=50K
68, ?, 38317, 1st-4th, 2, Divorced, ?, Not-in-family, White, Female, 0, 0, 20, United-States, <=50K
49, Private, 62546, Bachelors, 13, Married-civ-spouse, Exec-managerial, Husband, White, Male, 0, 0, 40, United-States, >50K
