76, ?, 224680, Prof-school, 15, Married-civ-spouse, ?, Husband, White, Male, 0, 1258, 20, United-States, <=50K
41, Private, 165309, Bachelors, 13, Divorced, Adm-clerical, Unmarried, White, Female, 0, 0, 40, United-States, <=50K
19, Private, 286435, Some-college, 10, Never-married, Craft-repair, Own-child, White, Male, 594, 0, 40, United-States, <=50K
19, Private, 87653, Some-college, 10, Never-married, Other-service, Own-child, White, Female, 0, 0, 25, United-States, <=50K
26, Self-emp-not-inc, 201138, Assoc-voc, 11, Never-married, Other-service, Not-in-family, White, Female, 0, 0, 35, United-States, <=50K
63, Private, 298113, Some-college, 10, Divorced, Other-service, Not-in-family, White, Male, 0, 0, 40, United-States, <=50K
45, Local-gov, 257855, 11th, 7, Married-civ-spouse, Other-service, Husband, Black, Male, 0, 0, 50, United-States, <=50K
41, Private, 207375, HS-grad, 9, Never-married, Sales, Not-in-family, White, Female, 0, 0, 50, United-States, <=50K
41, Private, 70645, Masters, 14, Widowed, Prof-specialty, Not-in-family, White, Female, 4650, 0, 55, United-States, <=50K
42, Self-emp-not-inc, 183765, Assoc-acdm, 12, Married-civ-spouse, Sales, Husband, White, Male, 0, 0, 40, ?, <=50K
30, Private, 206322, HS-grad, 9, Married-civ-spouse, Transport-moving, Husband, White, Male, 0, 0, 73, United-States, >50K
42, Local-gov, 97688, Some-college, 10, Married-civ-spouse, Craft-repair, Husband, White, Male, 5178, 0, 40, United-States, >50K
17, Private, 172050, 11th, 7, Never-married, Handlers-cleaners, Own-child, White, Male, 0, 0, 16, United-States, <=50K
35, Self-emp-inc, 65624, Bachelors, 13, Married-civ-spouse, Exec-managerial, Husband, White, Male, 0, 0, 50, United-States, >50K
58, Private, 104613, Assoc-acdm, 12, Married-civ-spouse, Exec-managerial, Husband, White, Male, 0, 0, 50, United-States, >50K
42, Private, 154076, HS-grad, 9, Married-civ-spouse, Prof-specialty, Husband, White, Male, 7688, 0, 50, United-States, >50K
50, Private, 150999, Masters, 14, Married-civ-spouse, Prof-specialty, Husband, White, Male, 0, 1977, 40, United-States, >50K
39, Self-emp-not-inc, 103110, Bachelors, 13, Married-civ-spouse, Prof-specialty, Husband, White, Male, 0, 0, 50, United-States, <=50K
17, Private, 225507, 11th, 7, Never-married, Handlers-cleaners, Not-in-family, Black, Female, 0, 0, 15, United-States, <=50K
49, Self-emp-inc, 431245, Some-college, 10, Married-civ-spouse, Sales, Husband, White, Male, 0, 0, 50, United-States, >50K
19, Private, 304643, Some-college, 10, Never-married, Sales, Own-child, White, Male, 0, 0, 20, United-States, <=50K
20, Private, 151105, Assoc-acdm, 12, Never-married, Sales, Own-child, White, Female, 0, 0, 25, United-States, <=50K
50, Private, 192982, HS-grad, 9, Married-civ-spouse, Tech-support, Husband, White, Male, 0, 1848, 40, United-States, >50K
24, Private, 184400, HS-grad, 9, Never-married, Transport-moving, Own-child, Asian-Pac-Islander, Male, 0, 0, 30, ?, <=50K
50, Federal-gov, 32801, Bachelors, 13, Married-civ-spouse, Exec-managerial, Wife, Amer-Indian-Eskimo, Female, 0, 0, 40, United-States, >50K
38, Self-emp-not-inc, 67317, Bachelors, 13, Married-civ-spouse, Farming-fishing, Husband, White, Male, 0, 0, 60, United-States, <=50K
35, Private, 32220, Assoc-acdm, 12, Never-married, Exec-managerial, Not-in-family, White, Female, 0, 0, 60, United-States, <=50K
54, Self-emp-not-inc, 103179, HS-grad, 9, Married-civ-spouse, Transport-moving, Husband, White, Male, 0, 0, 60, United-States, >50K
28, Self-emp-not-inc, 192838, Assoc-voc, 11, Married-civ-spouse, Craft-repair, Husband, White, Male, 0, 0, 45, United-States, <=50K
61, Self-emp-not-inc, 243493, HS-grad, 9, Married-civ-spouse, Other-service, Husband, Black, Male, 0, 0, 12, United-States, <=50K
39, Private, 343476, HS-grad, 9, Married-civ-spouse, Craft-repair, Husband, White, Male, 0, 0, 30, United-States, <=50K
19, Private, 197384, Some-college, 10, Never-married, Other-service, Own-child, White, Female, 0, 0, 10, United-States, <=50K
45, Private, 177543, HS-grad, 9, Divorced, Adm-clerical, Unmarried, White, Female, 0, 0, 28, United-States, <=50K
18, Private, 236069, 10th, 6, Never-married, Other-service, Own-child, Black, Male, 0, 0, 10, United-States, <=50K
36, Private, 166509, HS-grad, 9, Divorced, Craft-repair, Not-in-family, White, Female, 0, 0, 40, United-States, <=50K
19, Private, 445728, HS-grad, 9, Never-married, Craft-repair, Not-in-family, White, Male, 0, 0, 40, United-States, <=50K
48, Private, 278039, HS-grad, 9, Divorced, Sales, Not-in-family, White, Male, 0, 0, 60, United-States, <=50K
29, Self-emp-inc, 190450, HS-grad, 9, Married-civ-spouse, Sales, Husband, Asian-Pac-Islander, Male, 0, 0, 40, Germany, <=50K
42, Self-emp-not-inc, 217826, HS-grad, 9, Married-civ-spouse, Craft-repair, Husband, Black, Male, 0, 0, 25, Jamaica, <=50K
28, Private, 103389, Masters, 14, Divorced, Sales, Own-child, White, Female, 0, 0, 40, United-States, <=50K
36, Self-emp-not-inc, 151322, Bachelors, 13, Married-civ-spouse, Prof-specialty, Husband, White, Male, 0, 0, 45, United-States, >50K
55, Private, 160362, Bachelors, 13, Married-civ-spouse, Adm-clerical, Husband, White, Male, 0, 0, 40, United-States, >50K
25, Self-emp-not-inc, 176756, HS-grad, 9, Never-married, Farming-fishing, Own-child, White, Male, 0, 0, 35, United-States, <=50K
51, Private, 328947, Some-college, 10, Widowed, Adm-clerical, Not-in-family, White, Female, 0, 0, 40, United-States, <=50K
38, Private, 91857, Some-college, 10, Married-civ-spouse, Craft-repair, Husband, White, Male, 0, 0, 41, United-States, <=50K
25, Self-emp-not-inc, 368115, Bachelors, 13, Never-married, Exec-managerial, Not-in-family, White, Male, 13550, 0, 35, United-States, >50K
29, Self-emp-not-inc, 142519, HS-grad, 9, Married-civ-spouse, Machine-op-inspct, Husband, White, Male, 0, 0, 40, United-States, <=50K
59, Private, 296253, HS-grad, 9, Divorced, Exec-managerial, Not-in-family, White, Female, 0, 0, 40, United-States, <=50K
25, Private, 177147, Some-college, 10, Never-married, Handlers-cleaners, Not-in-family, White, Male, 0, 0, 40, United-States, <=50K
38, Private, 257735, 9th, 5, Married-civ-spouse, Handlers-cleaners, Husband, White, Male, 0, 0, 40, United-States, <=50K
32, Local-gov, 42596, Bachelors, 13, Divorced, Prof-specialty, Not-in-family, White, Male, 0, 0, 40, United-States, <=50K
30, Private, 504725, 10th, 6, Never-married, Sales, Other-relative, White, Male, 0, 0, 18, Guatemala, <=50K
56, Private, 219426, 10th, 6, Never-married, Handlers-cleaners, Not-in-family, White, Male, 0, 0, 40, United-States, <=50K
58, Local-gov, 294313, Some-college, 10, Married-civ-spouse, Adm-clerical, Wife, Black, Female, 0, 0, 55, United-States, <=50K
31, Private, 332379, 7th-8th, 4, Never-married, Craft-repair, Not-in-family, White, Male, 0, 0, 40, United-States, <=50K
65, Private, 170939, Bachelors, 13, Divorced, Prof-specialty, Not-in-family, White, Male, 6723, 0, 40, United-States, <=50K
32, Private, 133861, Bachelors, 13, Never-married, Exec-managerial, Not-in-family, White, Male, 13550, 0, 48, United-States, >50K
41, Private, 217455, HS-grad, 9, Divorced, Adm-clerical, Unmarried, White, Female, 0, 0, 40, United-States, <=50K
90, Private, 87372, Prof-school, 15, Married-civ-spouse, Prof-specialty, Husband, White, Male, 20051, 0, 72, United-States, >50K
32, Private, 152109, HS-grad, 9, Married-civ-spouse, Craft-repair, Husband, White, Male, 0, 0, 48, United-States, <=50K
25, Private, 197036, 10th, 6, Never-married, Craft-repair, Own-child, White, Male, 0, 0, 40, United-States, <=50K
27, Self-emp-not-inc, 442612, HS-grad, 9, Married-civ-spouse, Sales, Husband, White, Male, 0, 0, 65, United-States, >50K
39, Local-gov, 272166, Bachelors, 13, Separated, Prof-specialty, Not-in-family, Black, Male, 0, 0, 30, United-States, <=50K
23, Private, 419554, HS-grad, 9, Married-civ-spouse, Exec-managerial, Husband, White, Male, 0, 0, 54, United-States, <=50K
29, Private, 235393, HS-grad, 9, Married-civ-spouse, Craft-repair, Husband, Black, Male, 0, 0, 40, United-States, <=50K
59, Self-emp-inc, 223215, Bachelors, 13, Married-civ-spouse, Exec-managerial, Husband, White, Male, 0, 1977, 50, United-States, >50K
25, Private, 75759, HS-grad, 9, Married-civ-spouse, Transport-moving, Husband, White, Male, 0, 0, 44, United-States, >50K
35, Private, 175614, Assoc-voc, 11, Divorced, Prof-specialty, Unmarried, White, Female, 0, 0, 40, United-States, >50K
30, Private, 509500, Bachelors, 13, Never-married, Tech-support, Not-in-family, White, Female, 4787, 0, 45, United-States, >50K
28, Private, 38918, Some-college, 10, Married-civ-spouse, Craft-repair, Husband, White, Male, 0, 0, 50, Germany, >50K
31, Private, 137681, Some-college, 10, Married-civ-spouse, Other-service, Husband, White, Male, 0, 0, 40, United-States, <=50K
18, Private, 163787, Some-college, 10, Never-married, Sales, Own-child, White, Female, 0, 0, 15, United-States, <=50K
17, ?, 212125, 10th, 6, Never-married, ?, Own-child, White, Female, 0, 0, 20, United-States, <=50K
28, Private, 52603, Bachelors, 13, Married-civ-spouse, Sales, Husband, White, Male, 0, 0, 50, United-States, >50K
26, Private, 68991, HS-grad, 9, Never-married, Other-service, Unmarried, Black, Male, 0, 0, 40, United-States, <=50K
39, Local-gov, 301614, 11th, 7, Married-civ-spouse, Other-service, Husband, White, Male, 0, 0, 40, United-States, <=50K
53, Private, 137428, 7th-8th, 4, Married-civ-spouse, Transport-moving, Husband, White, Male, 0, 0, 60, United-States, >50K
51, Private, 53197, Some-college, 10, Married-civ-spouse, Craft-repair, Husband, White, Male, 0, 0, 40, United-States, >50K
29, Private, 237865, Masters, 14, Never-married, Transport-moving, Own-child, Black, Male, 0, 0, 40, United-States, <=50K
26, Self-emp-not-inc, 284343, Assoc-acdm, 12, Never-married, Craft-repair, Not-in-family, White, Male, 0, 0, 40, United-States, <=50K
43, Private, 274363, Bachelors, 13, Married-civ-spouse, Exec-managerial, Husband, White, Male, 0, 1902, 40, England, >50K
19, Private, 206599, Some-college, 10, Never-married, Adm-clerical, Own-child, White, Female, 0, 0, 16, United-States, <=50K
50, Private, 21095, Some-college, 10, Divorced, Other-service, Unmarried, Asian-Pac-Islander, Male, 0, 0, 40, Philippines, <=50K
23, Private, 595461, 7th-8th, 4, Never-married, Craft-repair, Not-in-family, White, Male, 0, 0, 40, Mexico, <=50K
46, Private, 377401, HS-grad, 9, Married-civ-spouse, Transport-moving, Husband, White, Male, 0, 1902, 70, Canada, >50K
35, Private, 281982, Some-college, 10, Married-civ-spouse, Prof-specialty, Husband, White, Male, 0, 0, 40, United-States, >50K
37, Private, 224566, HS-grad, 9, Never-married, Craft-repair, Unmarried, White, Male, 0, 0, 40, United-States, <=50K
24, Self-emp-not-inc, 102942, Some-college, 10, Never-married, Other-service, Not-in-family, White, Female, 0, 0, 50, United-States, <=50K
25, Private, 25249, Some-college, 10, Never-married, Adm-clerical, Not-in-family, White, Female, 0, 0, 40, United-States, <=50K
32, Private, 362259, Bachelors, 13, Never-married, Exec-managerial, Not-in-family, White, Female, 0, 0, 40, United-States, <=50K
25, Private, 133373, HS-grad, 9, Married-civ-spouse, Transport-moving, Husband, White, Male, 0, 0, 60, United-States, <=50K
47, Local-gov, 126754, Masters, 14, Married-civ-spouse, Prof-specialty, Husband, White, Male, 0, 0, 40, United-States, >50K
19, Private, 28790, Some-college, 10, Never-married, Other-service, Not-in-family, White, Female, 0, 0, 40, United-States, <=50K
56, Private, 117148, 7th-8th, 4, Divorced, Machine-op-inspct, Not-in-family, White, Female, 0, 0, 40, United-States, <=50K
26, Private, 124068, Some-college, 10, Never-married, Adm-clerical, Not-in-family, White, Female, 0, 0, 20, United-States, <=50K
17, Private, 321880, 10th, 6, Never-married, Other-service, Own-child, Black, Male, 0, 0, 15, United-States, <=50K
27, Private, 219371, HS-grad, 9, Never-married, Other-service, Not-in-family, White, Female, 0, 0, 35, United-States, <=50K
27, Federal-gov, 38645, Bachelors, 13, Never-married, Exec-managerial, Not-in-family, White, Female, 0, 0, 40, United-States, <=50K
28, Private, 269786, HS-grad, 9, Married-civ-spouse, Transport-moving, Husband, White, Male, 0, 0, 40, United-States, <=50K
52, State-gov, 349795, Bachelors, 13, Married-civ-spouse, Protective-serv, Husband, White, Male, 0, 0, 40, United-States, <=50K
22, ?, 153131, Some-college, 10, Never-married, ?, Own-child, White, Male, 0, 0, 40, United-States, <=50K
46, Private, 394860, HS-grad, 9, Married-civ-spouse, Other-service, Husband, White, Male, 0, 0, 40, United-States, <=50K
35, Self-emp-not-inc, 108198, HS-grad, 9, Divorced, Craft-repair, Own-child, Amer-Indian-Eskimo, Male, 0, 0, 15, United-States, <=50K
66, Private, 201197, Bachelors, 13, Married-civ-spouse, Prof-specialty, Husband, White, Male, 0, 0, 45, United-States, >50K
22, State-gov, 151991, Some-college, 10, Never-married, Tech-support, Own-child, White, Male, 0, 0, 20, United-States, <=50K
46, Private, 116789, HS-grad, 9, Married-civ-spouse, Adm-clerical, Husband, White, Male, 0, 0, 40, United-States, >50K
42, Private, 223548, 7th-8th, 4, Married-civ-spouse, Handlers-cleaners, Husband, White, Male, 0, 0, 30, Mexico, <=50K
25, Private, 173062, Bachelors, 13, Never-married, Handlers-cleaners, Unmarried, Black, Male, 0, 0, 40, United-States, <=50K
60, Self-emp-not-inc, 264314, Some-college, 10, Married-civ-spouse, Exec-managerial, Husband, White, Male, 0, 0, 35, Columbia, <=50K
30, Private, 154843, HS-grad, 9, Married-civ-spouse, Machine-op-inspct, Husband, White, Male, 0, 0, 40, United-States, <=50K
24, Private, 283092, HS-grad, 9, Never-married, Adm-clerical, Other-relative, Black, Male, 0, 0, 40, Jamaica, <=50K
38, Private, 99156, HS-grad, 9, Separated, Other-service, Own-child, White, Male, 0, 0, 35, United-States, <=50K
21, Private, 27162, Some-college, 10, Never-married, Other-service, Own-child, White, Female, 0, 0, 16, United-States, <=50K
41, Private, 192712, HS-grad, 9, Never-married, Adm-clerical, Other-relative, White, Female, 0, 0, 40, United-States, <=50K
36, Self-emp-not-inc, 151094, Assoc-voc, 11, Separated, Exec-managerial, Not-in-family, White, Male, 0, 0, 48, United-States, <=50K
30, Private, 117963, Bachelors, 13, Married-civ-spouse, Adm-clerical, Husband, White, Male, 0, 0, 40, United-States, >50K
43, Self-emp-not-inc, 144218, 12th, 8, Married-civ-spouse, Transport-moving, Husband, White, Male, 0, 0, 60, United-States, <=50K
34, Self-emp-inc, 28984, Assoc-voc, 11, Divorced, Sales, Unmarried, White, Female, 0, 0, 40, United-States, <=50K
46, Private, 309895, Some-college, 10, Separated, Adm-clerical, Unmarried, White, Female, 0, 0, 40, United-States, <=50K
42, Private, 79036, HS-grad, 9, Divorced, Handlers-cleaners, Unmarried, White, Male, 0, 0, 40, United-States, <=50K
31, Private, 168387, Bachelors, 13, Married-civ-spouse, Prof-specialty, Husband, White, Male, 7688, 0, 40, Canada, >50K
63, ?, 257876, Prof-school, 15, Married-civ-spouse, ?, Husband, White, Male, 0, 0, 40, United-States, <=50K
58, Private, 570562, HS-grad, 9, Widowed, Sales, Not-in-family, White, Male, 0, 0, 38, United-States, <=50K
61, Private, 132972, 9th, 5, Never-married, Machine-op-inspct, Unmarried, Black, Female, 0, 0, 40, United-States, <=50K
33, State-gov, 374905, 10th, 6, Married-civ-spouse, Other-service, Husband, White, Male, 0, 0, 40, United-States, <=50K
48, Self-emp-not-inc, 296066, Some-college, 10, Married-civ-spouse, Transport-moving, Husband, White, Male, 0, 0, 50, United-States, >50K
37, Private, 194630, HS-grad, 9, Divorced, Craft-repair, Not-in-family, White, Male, 0, 0, 50, United-States, <=50K
54, Private, 256916, HS-grad, 9, Married-civ-spouse, Exec-managerial, Husband, White, Male, 0, 0, 45, United-States, <=50K
61, Private, 149981, HS-grad, 9, Married-civ-spouse, Adm-clerical, Wife, White, Female, 2414, 0, 5, United-States, <=50K
54, Private, 221915, Some-college, 10, Widowed, Craft-repair, Unmarried, White, Female, 0, 0, 50, United-States, <=50K
29, Private, 274010, Some-college, 10, Never-married, Prof-specialty, Not-in-family, White, Male, 0, 0, 45, United-States, <=50K
37, Private, 231491, HS-grad, 9, Married-civ-spouse, Craft-repair, Husband, White, Male, 0, 0, 35, United-States, <=50K
51, Private, 244572, HS-grad, 9, Separated, Other-service, Not-in-family, Black, Female, 0, 0, 37, United-States, <=50K
27, Private, 169662, Bachelors, 13, Married-civ-spouse, Prof-specialty, Husband, White, Male, 0, 0, 42, United-States, >50K
32, Local-gov, 255004, Some-college, 10, Never-married, Craft-repair, Not-in-family, White, Male, 0, 0, 40, United-States, <=50K
43, Private, 176138, Bachelors, 13, Married-civ-spouse, Exec-managerial, Husband, White, Male, 0, 0, 50, United-States, <=50K
24, Private, 281403, HS-grad, 9, Never-married, Farming-fishing, Own-child, White, Male, 0, 0, 98, United-States, <=50K
51, Private, 195105, HS-grad, 9, Divorced, Priv-house-serv, Own-child, White, Female, 0, 0, 40, United-States, <=50K
49, Private, 246183, HS-grad, 9, Married-civ-spouse, Sales, Husband, White, Male, 0, 0, 40, United-States, >50K
25, Private, 230292, HS-grad, 9, Married-civ-spouse, Craft-repair, Husband, White, Male, 0, 0, 40, United-States, <=50K
30, Private, 89735, HS-grad, 9, Never-married, Craft-repair, Own-child, White, Male, 0, 1504, 40, United-States, <=50K
22, Private, 51985, Some-college, 10, Never-married, Craft-repair, Own-child, White, Male, 0, 0, 30, United-States, <=50K
55, Private, 249072, HS-grad, 9, Married-civ-spouse, Transport-moving, Husband, White, Male, 0, 0, 60, United-States, <=50K
53, Local-gov, 132304, Some-college, 10, Divorced, Adm-clerical, Not-in-family, White, Female, 0, 0, 40, United-States, <=50K
27, Private, 501172, 5th-6th, 3, Married-civ-spouse, Transport-moving, Husband, White, Male, 0, 0, 40, Mexico, <=50K
31, Private, 59083, Some-college, 10, Married-civ-spouse, Other-service, Husband, White, Male, 0, 1672, 50, United-States, <=50K
55, Private, 199067, Bachelors, 13, Married-civ-spouse, Exec-managerial, Husband, White, Male, 15024, 0, 42, United-States, >50K
42, Private, 20809, HS-grad, 9, Divorced, Craft-repair, Not-in-family, White, Male, 0, 0, 75, United-States, >50K
37, Private, 198841, Assoc-voc, 11, Married-civ-spouse, Craft-repair, Husband, White, Male, 0, 0, 40, United-States, >50K
25, Private, 132683, HS-grad, 9, Never-married, Priv-house-serv, Not-in-family, White, Female, 0, 0, 50, United-States, <=50K
21, Private, 211385, Assoc-acdm, 12, Never-married, Other-service, Not-in-family, Black, Male, 0, 0, 35, Jamaica, <=50K
57, Private, 199934, Bachelors, 13, Married-civ-spouse, Exec-managerial, Husband, White, Male, 0, 0, 40, United-States, >50K
53, Private, 153486, HS-grad, 9, Separated, Transport-moving, Not-in-family, White, Male, 0, 0, 30, United-States, <=50K
53, Private, 144361, HS-grad, 9, Married-civ-spouse, Machine-op-inspct, Husband, White, Male, 0, 0, 38, United-States, <=50K
31, Private, 36069, HS-grad, 9, Never-married, Craft-repair, Not-in-family, White, Male, 0, 0, 35, United-States, <=50K
41, Private, 105616, Some-college, 10, Widowed, Adm-clerical, Unmarried, Black, Female, 0, 0, 48, United-States, <=50K
40, Private, 139193, HS-grad, 9, Divorced, Machine-op-inspct, Not-in-family, White, Male, 0, 1980, 48, United-States, <=50K
43, Private, 150528, Masters, 14, Married-civ-spouse, Prof-specialty, Husband, White, Male, 0, 0, 40, United-States, >50K
37, Self-emp-not-inc, 137527, Doctorate, 16, Never-married, Prof-specialty, Not-in-family, White, Female, 0, 2559, 60, United-States, >50K
30, Private, 224377, HS-grad, 9, Never-married, Craft-repair, Not-in-family, White, Male, 0, 0, 40, United-States, <=50K
35, Private, 301614, HS-grad, 9, Married-civ-spouse, Other-service, Husband, White, Male, 0, 0, 60, United-States, <=50K
41, Private, 126850, Prof-school, 15, Married-civ-spouse, Adm-clerical, Husband, Asian-Pac-Islander, Male, 0, 0, 40, Philippines, <=50K
47, Self-emp-not-inc, 479611, Bachelors, 13, Divorced, Sales, Not-in-family, White, Male, 0, 0, 50, United-States, <=50K
36, Private, 218490, Bachelors, 13, Married-civ-spouse, Prof-specialty, Husband, White, Male, 0, 0, 45, Germany, >50K
38, Private, 179579, Some-college, 10, Married-civ-spouse, Prof-specialty, Husband, White, Male, 0, 0, 50, ?, >50K
20, Private, 124751, Some-college, 10, Never-married, Adm-clerical, Own-child, White, Female, 0, 0, 24, United-States, <=50K
23, Private, 150463, HS-grad, 9, Never-married, Priv-house-serv, Unmarried, Other, Female, 0, 0, 40, Guatemala, <=50K
79, Private, 124744, Some-college, 10, Married-civ-spouse, Prof-specialty, Other-relative, White, Male, 0, 0, 20, United-States, <=50K
75, ?, 128224, 5th-6th, 3, Married-civ-spouse, ?, Husband, White, Male, 0, 0, 25, United-States, <=50K
37, State-gov, 354929, Assoc-acdm, 12, Divorced, Protective-serv, Not-in-family, Black, Male, 0, 0, 38, United-States, <=50K
54, Self-emp-inc, 125417, 7th-8th, 4, Married-civ-spouse, Machine-op-inspct, Husband, White, Male, 0, 0, 40, United-States, >50K
43, Self-emp-inc, 83348, HS-grad, 9, Married-civ-spouse, Craft-repair, Husband, White, Male, 0, 0, 60, United-States, <=50K
43, Self-emp-inc, 175715, HS-grad, 9, Never-married, Exec-managerial, Not-in-family, Black, Male, 0, 0, 55, United-States, <=50K
64, Self-emp-inc, 165667, Doctorate, 16, Married-civ-spouse, Prof-specialty, Husband, White, Male, 7688, 0, 60, Canada, >50K
33, Private, 149726, HS-grad, 9, Married-civ-spouse, Transport-moving, Husband, White, Male, 0, 0, 46, United-States, <=50K
29, Private, 54932, HS-grad, 9, Married-civ-spouse, Machine-op-inspct, Husband, White, Male, 0, 0, 40, United-States, <=50K
32, Private, 174215, Some-college, 10, Divorced, Sales, Unmarried, White, Female, 0, 0, 40, United-States, <=50K
56, Private, 231781, HS-grad, 9, Married-civ-spouse, Sales, Husband, White, Male, 0, 0, 40, United-States, >50K
65, ?, 160654, HS-grad, 9, Married-civ-spouse, ?, Husband, White, Male, 0, 0, 20, United-States, <=50K
35, Private, 108907, HS-grad, 9, Separated, Machine-op-inspct, Unmarried, White, Male, 0, 0, 40, United-States, <=50K
40, Self-emp-not-inc, 98985, HS-grad, 9, Divorced, Exec-managerial, Not-in-family, Black, Male, 0, 0, 50, United-States, <=50K
38, Private, 171150, Assoc-acdm, 12, Married-civ-spouse, Prof-specialty, Husband, White, Male, 0, 0, 40, United-States, >50K
35, Private, 223514, Bachelors, 13, Married-civ-spouse, Adm-clerical, Wife, Black, Female, 0, 0, 40, United-States, <=50K
26, Private, 311497, Bachelors, 13, Never-married, Exec-managerial, Not-in-family, White, Female, 0, 0, 40, United-States, <=50K
41, Private, 152742, Assoc-voc, 11, Divorced, Tech-support, Not-in-family, White, Female, 3325, 0, 40, United-States, <=50K
20, ?, 249087, Some-college, 10, Never-married, ?, Own-child, White, Female, 0, 0, 40, United-States, <=50K
35, Local-gov, 102938, HS-grad, 9, Married-civ-spouse, Other-service, Husband, White, Male, 0, 0, 40, United-States, <=50K
20, Private, 44064, Some-college, 10, Never-married, Prof-specialty, Own-child, White, Male, 0, 0, 25, United-States, <=50K
48, Private, 268234, HS-grad, 9, Divorced, Craft-repair, Not-in-family, White, Male, 0, 0, 50, United-States, <=50K
41, Private, 147372, HS-grad, 9, Married-civ-spouse, Adm-clerical, Husband, White, Male, 0, 0, 48, United-States, <=50K
30, Private, 289458, Bachelors, 13, Never-married, Exec-managerial, Not-in-family, White, Female, 0, 0, 40, United-States, <=50K
37, Private, 126954, Bachelors, 13, Married-civ-spouse, Exec-managerial, Husband, White, Male, 0, 0, 50, United-States, >50K
31, Private, 500002, 1st-4th, 2, Married-civ-spouse, Farming-fishing, Husband, White, Male, 0, 0, 45, Mexico, <=50K
44, Private, 214242, Some-college, 10, Married-civ-spouse, Transport-moving, Husband, White, Male, 0, 0, 50, United-States, >50K
30, Private, 432565, Assoc-voc, 11, Married-civ-spouse, Tech-support, Other-relative, White, Female, 0, 0, 40, Canada, >50K
28, Private, 176683, Bachelors, 13, Married-civ-spouse, Exec-managerial, Husband, White, Male, 5178, 0, 50, United-States, >50K
37, Self-emp-not-inc, 353298, HS-grad, 9, Married-civ-spouse, Sales, Husband, White, Male, 99999, 0, 50, United-States, >50K
35, Private, 154410, HS-grad, 9, Never-married, Handlers-cleaners, Not-in-family, White, Male, 0, 0, 40, United-States, <=50K
24, Private, 190293, Bachelors, 13, Never-married, Prof-specialty, Not-in-family, White, Female, 0, 0, 40, United-States, <=50K
19, Private, 250249, Some-college, 10, Never-married, Adm-clerical, Own-child, White, Female, 0, 0, 10, United-States, <=50K
49, Self-emp-inc, 201080, Some-college, 10, Divorced, Craft-repair, Not-in-family, White, Male, 0, 0, 55, United-States, <=50K
52, Self-emp-inc, 230767, Bachelors, 13, Married-civ-spouse, Exec-managerial, Husband, White, Male, 0, 1902, 60, Cuba, >50K
45, Private, 102202, Assoc-voc, 11, Divorced, Adm-clerical, Not-in-family, White, Female, 0, 0, 40, United-States, <=50K
59, Private, 100453, 7th-8th, 4, Separated, Other-service, Own-child, Black, Female, 0, 0, 38, United-States, <=50K
26, Private, 167350, HS-grad, 9, Never-married, Transport-moving, Own-child, White, Male, 0, 0, 50, United-States, <=50K
29, Private, 24562, Bachelors, 13, Divorced, Other-service, Unmarried, Other, Female, 0, 0, 40, United-States, <=50K
48, Private, 126754, Masters, 14, Married-civ-spouse, Prof-specialty, Husband, White, Male, 15024, 0, 40, United-States, >50K
51, Private, 133461, Some-college, 10, Married-civ-spouse, Exec-managerial, Husband, White, Male, 0, 0, 40, United-States, <=50K
30, Private, 326199, 9th, 5, Married-civ-spouse, Craft-repair, Husband, White, Male, 2580, 0, 40, United-States, <=50K
34, Private, 173730, HS-grad, 9, Married-civ-spouse, Sales, Husband, White, Male, 0, 0, 50, United-States, <=50K
41, Private, 149102, HS-grad, 9, Married-spouse-absent, Craft-repair, Not-in-family, White, Male, 0, 0, 40, Poland, <=50K
37, Private, 212512, HS-grad, 9, Married-civ-spouse, Machine-op-inspct, Husband, White, Male, 3464, 0, 50, United-States, <=50K
45, ?, 189564, Masters, 14, Married-civ-spouse, ?, Wife, White, Female, 0, 0, 1, United-States, <=50K
52, Self-emp-inc, 101017, HS-grad, 9, Divorced, Exec-managerial, Unmarried, White, Male, 0, 0, 38, United-States, <=50K
38, Self-emp-not-inc, 214008, HS-grad, 9, Married-civ-spouse, Prof-specialty, Husband, White, Male, 0, 0, 50, United-States, >50K
52, Private, 176134, HS-grad, 9, Married-civ-spouse, Machine-op-inspct, Husband, Black, Male, 0, 0, 48, United-States, <=50K
21, Private, 216070, Assoc-acdm, 12, Married-civ-spouse, Adm-clerical, Wife, Amer-Indian-Eskimo, Female, 0, 0, 46, United-States, >50K
45, Private, 135044, HS-grad, 9, Divorced, Machine-op-inspct, Not-in-family, White, Female, 0, 0, 40, United-States, <=50K
42, Private, 152568, HS-grad, 9, Widowed, Sales, Unmarried, Amer-Indian-Eskimo, Female, 0, 0, 40, United-States, <=50K
52, Self-emp-not-inc, 129311, Some-college, 10, Married-civ-spouse, Exec-managerial, Husband, White, Male, 0, 0, 95, United-States, >50K
35, Self-emp-not-inc, 454915, 9th, 5, Married-civ-spouse, Craft-repair, Husband, White, Male, 0, 0, 40, United-States, <=50K
18, Private, 404085, HS-grad, 9, Married-civ-spouse, Adm-clerical, Wife, White, Female, 0, 0, 40, United-States, <=50K
47, Private, 219632, 5th-6th, 3, Married-spouse-absent, Machine-op-inspct, Other-relative, White, Male, 0, 0, 40, Mexico, <=50K
51, Self-emp-inc, 338260, Prof-school, 15, Married-civ-spouse, Prof-specialty, Husband, White, Male, 15024, 0, 60, United-States, >50K
43, State-gov, 424094, Doctorate, 16, Never-married, Prof-specialty, Not-in-family, White, Female, 0, 0, 40, United-States, <=50K
39, ?, 103986, HS-grad, 9, Never-married, ?, Not-in-family, White, Male, 0, 1590, 40, United-States, <=50K
52, Self-emp-inc, 49069, Some-college, 10, Married-civ-spouse, Adm-clerical, Wife, White, Female, 0, 0, 40, United-States, >50K
52, Private, 75839, Some-college, 10, Married-civ-spouse, Tech-support, Husband, White, Male, 0, 0, 40, United-States, <=50K
34, Local-gov, 22641, HS-grad, 9, Never-married, Protective-serv, Not-in-family, Amer-Indian-Eskimo, Male, 0, 0, 40, United-States, <=50K
37, Private, 59313, Some-college, 10, Separated, Other-service, Not-in-family, Black, Male, 0, 0, 40, ?, <=50K
45, Private, 209912, Bachelors, 13, Married-civ-spouse, Exec-managerial, Husband, Asian-Pac-Islander, Male, 0, 0, 40, India, >50K
40, Private, 146908, Doctorate, 16, Married-civ-spouse, Prof-specialty, Husband, White, Male, 0, 0, 60, United-States, >50K
40, Private, 219266, HS-grad, 9, Married-civ-spouse, Exec-managerial, Husband, White, Male, 7688, 0, 50, United-States, >50K
67, Private, 105252, Some-college, 10, Divorced, Adm-clerical, Not-in-family, White, Male, 7978, 0, 35, United-States, <=50K
28, Private, 272913, 10th, 6, Married-civ-spouse, Handlers-cleaners, Husband, White, Male, 0, 0, 30, Mexico, <=50K
32, Private, 191777, Assoc-voc, 11, Never-married, Exec-managerial, Not-in-family, Black, Female, 0, 0, 35, England, <=50K
18, ?, 171964, HS-grad, 9, Never-married, ?, Own-child, White, Female, 0, 1602, 20, United-States, <=50K
45, Private, 182313, Bachelors, 13, Married-civ-spouse, Exec-managerial, Husband, White, Male, 7688, 0, 50, United-States, >50K
52, ?, 248113, Preschool, 1, Married-spouse-absent, ?, Other-relative, White, Male, 0, 0, 40, Mexico, <=50K
42, Private, 160893, Some-college, 10, Married-civ-spouse, Other-service, Wife, White, Female, 0, 0, 23, United-States, <=50K
29, Private, 244395, 11th, 7, Never-married, Other-service, Unmarried, Black, Female, 0, 0, 40, United-States, <=50K
29, Private, 53181, Masters, 14, Married-civ-spouse, Prof-specialty, Husband, White, Male, 0, 0, 55, United-States, >50K
60, Private, 114413, Assoc-acdm, 12, Married-civ-spouse, Sales, Husband, White, Male, 0, 0, 30, United-States, <=50K
32, Self-emp-inc, 244665, HS-grad, 9, Married-civ-spouse, Craft-repair, Husband, White, Male, 5178, 0, 45, United-States, >50K
44, Federal-gov, 38434, Masters, 14, Never-married, Prof-specialty, Not-in-family, White, Female, 0, 0, 40, United-States, <=50K
20, Private, 138938, Some-college, 10, Never-married, Prof-specialty, Own-child, White, Female, 0, 0, 10, United-States, <=50K
39, Private, 403489, 11th, 7, Divorced, Transport-moving, Own-child, White, Male, 0, 0, 40, United-States, <=50K
39, Private, 202027, Bachelors, 13, Married-civ-spouse, Exec-managerial, Husband, White, Male, 15024, 0, 45, United-States, >50K
23, Private, 149204, Bachelors, 13, Never-married, Exec-managerial, Own-child, White, Male, 0, 0, 40, United-States, <=50K
53, Private, 149217, HS-grad, 9, Married-civ-spouse, Craft-repair, Husband, White, Male, 0, 0, 40, Puerto-Rico, <=50K
57, Self-emp-not-inc, 34297, 7th-8th, 4, Married-civ-spouse, Craft-repair, Husband, White, Male, 0, 0, 40, United-States, >50K
60, Private, 216690, Some-college, 10, Married-civ-spouse, Prof-specialty, Husband, White, Male, 0, 0, 40, ?, <=50K
36, Federal-gov, 359249, Some-college, 10, Separated, Adm-clerical, Not-in-family, Black, Male, 0, 0, 40, United-States, <=50K
37, Private, 190987, Some-college, 10, Married-civ-spouse, Sales, Wife, White, Female, 7298, 0, 40, United-States, >50K
49, Self-emp-not-inc, 130206, HS-grad, 9, Divorced, Other-service, Not-in-family, White, Female, 0, 0, 40, United-States, <=50K
42, Private, 149823, Some-college, 10, Married-civ-spouse, Craft-repair, Husband, White, Male, 0, 0, 40, United-States, <=50K
21, Private, 129350, Some-college, 10, Never-married, Sales, Own-child, White, Male, 0, 0, 40, United-States, <=50K
32, Private, 171091, HS-grad, 9, Married-civ-spouse, Transport-moving, Husband, White, Male, 0, 0, 50, United-States, >50K
51, Private, 467611, 9th, 5, Married-civ-spouse, Farming-fishing, Husband, White, Male, 0, 0, 40, Mexico, <=50K
58, Private, 29928, Some-college, 10, Married-civ-spouse, Sales, Wife, White, Female, 0, 0, 36, United-States, <=50K
43, Private, 81243, Bachelors, 13, Divorced, Tech-support, Not-in-family, White, Male, 0, 1876, 40, United-States, <=50K
63, Private, 188914, HS-grad, 9, Widowed, Machine-op-inspct, Other-relative, Black, Female, 0, 0, 40, Haiti, <=50K
64, Self-emp-inc, 195366, Bachelors, 13, Married-civ-spouse, Prof-specialty, Husband, White, Male, 0, 0, 40, United-States, <=50K
31, State-gov, 255830, Assoc-acdm, 12, Never-married, Adm-clerical, Own-child, Black, Female, 0, 0, 45, United-States, <=50K
35, Private, 186110, HS-grad, 9, Divorced, Transport-moving, Not-in-family, White, Male, 0, 0, 45, United-States, <=50K
32, Private, 29312, Some-college, 10, Never-married, Handlers-cleaners, Own-child, White, Male, 0, 0, 40, United-States, <=50K
37, Private, 30267, 11th, 7, Never-married, Transport-moving, Not-in-family, White, Male, 0, 0, 60, United-States, >50K
58, Self-emp-not-inc, 165315, HS-grad, 9, Married-civ-spouse, Sales, Husband, White, Male, 0, 0, 35, United-States, >50K
35, Self-emp-not-inc, 89508, Some-college, 10, Married-civ-spouse, Exec-managerial, Husband, White, Male, 3908, 0, 60, United-States, <=50K
26, Private, 137367, Some-college, 10, Never-married, Handlers-cleaners, Other-relative, Asian-Pac-Islander, Male, 0, 0, 44, Philippines, <=50K
24, Private, 461678, Some-college, 10, Married-civ-spouse, Farming-fishing, Husband, White, Male, 0, 0, 50, United-States, >50K
40, Private, 343068, Some-college, 10, Divorced, Exec-managerial, Not-in-family, White, Female, 0, 0, 40, United-States, <=50K
34, Private, 405386, Some-college, 10, Never-married, Craft-repair, Not-in-family, Black, Male, 0, 0, 28, United-States, <=50K
36, Self-emp-not-inc, 118429, HS-grad, 9, Married-civ-spouse, Exec-managerial, Husband, White, Male, 0, 0, 50, United-States, <=50K
55, Private, 130957, HS-grad, 9, Married-civ-spouse, Craft-repair, Husband, White, Male, 0, 0, 45, United-States, <=50K
56, Local-gov, 216851, Bachelors, 13, Married-civ-spouse, Tech-support, Husband, White, Male, 0, 0, 40, United-States, >50K
52, Private, 139671, Some-college, 10, Married-civ-spouse, Exec-managerial, Husband, White, Male, 0, 1977, 50, United-States, >50K
33, Private, 158416, HS-grad, 9, Never-married, Machine-op-inspct, Not-in-family, White, Male, 0, 0, 40, United-States, <=50K
38, Private, 189404, HS-grad, 9, Married-spouse-absent, Other-service, Not-in-family, White, Male, 0, 0, 35, ?, <=50K
66, Private, 234743, Some-college, 10, Married-civ-spouse, Exec-managerial, Husband, White, Male, 0, 0, 24, United-States, <=50K
35, Private, 374524, Prof-school, 15, Married-civ-spouse, Prof-specialty, Husband, White, Male, 0, 0, 75, United-States, >50K
28, Private, 175262, HS-grad, 9, Married-civ-spouse, Machine-op-inspct, Own-child, White, Male, 0, 0, 40, United-States, <=50K
17, Private, 142912, 10th, 6, Never-married, Other-service, Own-child, White, Male, 0, 0, 40, United-States, <=50K
36, Private, 269318, Bachelors, 13, Married-civ-spouse, Exec-managerial, Husband, White, Male, 0, 0, 50, United-States, >50K
39, Self-emp-not-inc, 336793, Masters, 14, Married-civ-spouse, Craft-repair, Husband, White, Male, 0, 0, 55, United-States, >50K
44, Self-emp-inc, 220230, HS-grad, 9, Married-civ-spouse, Other-service, Husband, Black, Male, 0, 0, 48, United-States, <=50K
31, ?, 672412, 11th, 7, Separated, ?, Not-in-family, Black, Male, 0, 0, 40, United-States, <=50K
26, Private, 174921, Bachelors, 13, Never-married, Sales, Not-in-family, White, Female, 0, 0, 40, United-States, <=50K
57, Private, 145189, Some-college, 10, Never-married, Adm-clerical, Not-in-family, White, Female, 0, 0, 40, United-States, <=50K
33, ?, 119918, Bachelors, 13, Never-married, ?, Not-in-family, Black, Male, 0, 0, 45, ?, <=50K
26, Private, 90980, Assoc-voc, 11, Divorced, Adm-clerical, Not-in-family, White, Female, 0, 0, 55, United-States, <=50K
28, Private, 376302, HS-grad, 9, Never-married, Sales, Not-in-family, White, Female, 0, 0, 45, United-States, <=50K
17, ?, 634226, 10th, 6, Never-married, ?, Own-child, White, Female, 0, 0, 17, United-States, <=50K
19, Private, 96483, HS-grad, 9, Never-married, Other-service, Own-child, Asian-Pac-Islander, Female, 0, 0, 40, United-States, <=50K
25, Local-gov, 375170, Some-college, 10, Never-married, Adm-clerical, Own-child, Black, Female, 0, 0, 35, United-States, <=50K
55, Private, 182460, HS-grad, 9, Married-civ-spouse, Craft-repair, Husband, White, Male, 15024, 0, 35, United-States, >50K
20, Private, 375698, Some-college, 10, Never-married, Adm-clerical, Own-child, White, Female, 0, 0, 15, United-States, <=50K
29, Private, 274969, HS-grad, 9, Never-married, Craft-repair, Unmarried, White, Female, 0, 0, 42, United-States, <=50K
41, Federal-gov, 192589, Bachelors, 13, Married-civ-spouse, Adm-clerical, Husband, White, Male, 0, 0, 40, United-States, <=50K
21, Private, 174714, Assoc-acdm, 12, Never-married, Adm-clerical, Own-child, White, Male, 0, 0, 35, United-States, <=50K
