25, Private, 156334, 10th, 6, Married-civ-spouse, Machine-op-inspct, Husband, White, Male, 0, 0, 40, United-States, <=50K
19, Private, 232392, HS-grad, 9, Never-married, Other-service, Other-relative, White, Female, 0, 0, 40, United-States, <=50K
28, Private, 107389, HS-grad, 9, Never-married, Exec-managerial, Own-child, White, Male, 0, 0, 32, United-States, <=50K
27, Self-emp-not-inc, 141795, Some-college, 10, Married-civ-spouse, Exec-managerial, Husband, White, Male, 0, 0, 30, United-States, <=50K
36, Private, 410034, Assoc-acdm, 12, Married-civ-spouse, Craft-repair, Husband, White, Male, 0, 0, 45, United-States, <=50K
61, Self-emp-inc, 119986, Bachelors, 13, Married-civ-spouse, Sales, Husband, White, Male, 0, 0, 50, United-States, <=50K
62, ?, 123612, Bachelors, 13, Married-civ-spouse, ?, Husband, White, Male, 0, 0, 4, United-States, <=50K
23, Private, 150463, HS-grad, 9, Never-married, Priv-house-serv, Unmarried, Other, Female, 0, 0, 40, Guatemala, <=50K
33, Private, 144949, Masters, 14, Married-civ-spouse, Prof-specialty, Husband, White, Male, 15024, 0, 40, United-States, >50K
19, Private, 333953, 12th, 8, Never-married, Other-service, Other-relative, White, Female, 0, 0, 30, United-States, <=50K
23, Private, 198992, HS-grad, 9, Never-married, Adm-clerical, Own-child, White, Female, 0, 0, 35, United-States, <=50K
21, Private, 270043, Some-college, 10, Never-married, Other-service, Own-child, White, Female, 0, 0, 16, United-States, <=50K
27, Self-emp-not-inc, 151402, HS-grad, 9, Married-civ-spouse, Farming-fishing, Husband, White, Male, 0, 1573, 70, United-States, <=50K
61, Private, 231323, Some-college, 10, Married-civ-spouse, Craft-repair, Husband, White, Male, 0, 0, 40, United-States, <=50K
41, Private, 121055, HS-grad, 9, Divorced, Transport-moving, Not-in-family, White, Male, 0, 0, 40, United-States, <=50K
30, Self-emp-not-inc, 278522, 11th, 7, Never-married, Farming-fishing, Own-child, Black, Male, 0, 0, 40, United-States, <=50K
40, Self-emp-not-inc, 49156, Some-college, 10, Married-civ-spouse, Prof-specialty, Husband, White, Male, 0, 0, 20, United-States, <=50K
49, State-gov, 31650, Bachelors, 13, Married-civ-spouse, Prof-specialty, Other-relative, White, Female, 0, 0, 45, United-States, <=50K
25, Private, 479765, 7th-8th, 4, Never-married, Sales, Other-relative, White, Male, 0, 0, 45, Guatemala, <=50K
50, Self-emp-not-inc, 83311, Bachelors, 13, Married-civ-spouse, Exec-managerial, Husband, White, Male, 0, 0, 13, United-States, <=50K
37, Private, 179731, HS-grad, 9, Never-married, Other-service, Unmarried, White, Female, 0, 0, 35, United-States, <=50K
26, Private, 211265, Some-college, 10, Married-spouse-absent, Craft-repair, Other-relative, Black, Female, 0, 0, 35, Dominican-Republic, <=50K
26, Private, 306513, Some-college, 10, Never-married, Handlers-cleaners, Own-child, White, Male, 0, 0, 40, United-States, <=50K
49, Private, 160187, 9th, 5, Married-spouse-absent, Other-service, Not-in-family, Black, Female, 0, 0, 16, Jamaica, <=50K
34, Private, 299635, Masters, 14, Married-civ-spouse, Exec-managerial, Husband, White, Male, 0, 1902, 50, United-States, >50K
38, Private, 143123, Bachelors, 13, Married-civ-spouse, Exec-managerial, Husband, White, Male, 0, 0, 40, United-States, >50K
38, Private, 284166, Prof-school, 15, Never-married, Prof-specialty, Not-in-family, White, Male, 0, 0, 50, United-States, <=50K
32, Private, 604506, HS-grad, 9, Married-civ-spouse, Transport-moving, Own-child, White, Male, 0, 0, 72, Mexico, <=50K
47, Private, 34845, HS-grad, 9, Married-civ-spouse, Transport-moving, Husband, White, Male, 0, 0, 60, United-States, <=50K
39, Self-emp-inc, 239755, Prof-school, 15, Married-civ-spouse, Prof-specialty, Husband, White, Male, 0, 1902, 50, United-States, >50K
29, Private, 147340, Some-college, 10, Never-married, Sales, Own-child, White, Female, 0, 0, 40, United-States, <=50K
21, Private, 194096, Some-college, 10, Never-married, Other-service, Own-child, White, Female, 0, 0, 40, United-States, <=50K
35, Self-emp-inc, 368825, Some-college, 10, Married-civ-spouse, Sales, Husband, White, Male, 0, 0, 60, United-States, >50K
42, Private, 162003, HS-grad, 9, Divorced, Machine-op-inspct, Not-in-family, White, Male, 0, 0, 55, United-States, <=50K
28, Private, 125321, HS-grad, 9, Never-married, Machine-op-inspct, Not-in-family, White, Female, 0, 0, 40, United-States, <=50K
49, Local-gov, 98738, HS-grad, 9, Married-civ-spouse, Craft-repair, Husband, White, Male, 0, 0, 40, United-States, >50K
64, Private, 153894, Bachelors, 13, Never-married, Sales, Unmarried, White, Female, 0, 0, 40, Peru, <=50K
55, Private, 171355, Assoc-voc, 11, Married-civ-spouse, Machine-op-inspct, Husband, White, Male, 0, 0, 20, United-States, <=50K
36, Private, 192614, HS-grad, 9, Divorced, Machine-op-inspct, Not-in-family, White, Male, 0, 0, 56, United-States, <=50K
39, Private, 101073, Assoc-acdm, 12, Married-civ-spouse, Sales, Husband, White, Male, 0, 0, 24, United-States, <=50K
47, Private, 83046, Bachelors, 13, Never-married, Exec-managerial, Not-in-family, White, Male, 0, 0, 40, United-States, <=50K
36, Local-gov, 175255, HS-grad, 9, Married-civ-spouse, Other-service, Wife, White, Female, 0, 0, 35, United-States, <=50K
28, Private, 102533, Some-college, 10, Separated, Handlers-cleaners, Not-in-family, Black, Male, 0, 0, 40, United-States, <=50K
72, Self-emp-not-inc, 139889, Some-college, 10, Married-civ-spouse, Farming-fishing, Husband, White, Male, 0, 0, 74, United-States, <=50K
54, Self-emp-not-inc, 52634, Some-college, 10, Married-civ-spouse, Sales, Husband, White, Male, 0, 0, 40, United-States, <=50K
51, Local-gov, 96678, Masters, 14, Married-civ-spouse, Prof-specialty, Husband, White, Male, 0, 0, 60, United-States, <=50K
50, Local-gov, 234143, Masters, 14, Married-civ-spouse, Exec-managerial, Husband, Black, Male, 0, 0, 45, United-States, >50K
29, Local-gov, 289991, Masters, 14, Married-civ-spouse, Prof-specialty, Husband, White, Male, 0, 0, 50, United-States, <=50K
22, Private, 164775, 9th, 5, Never-married, Machine-op-inspct, Unmarried, White, Male, 0, 0, 40, Guatemala, <=50K
47, Private, 280483, HS-grad, 9, Separated, Craft-repair, Unmarried, Black, Female, 0, 0, 40, United-States, <=50K
52, Local-gov, 91689, Some-college, 10, Married-civ-spouse, Transport-moving, Husband, White, Male, 0, 0, 40, United-States, <=50K
53, Local-gov, 216691, Doctorate, 16, Divorced, Prof-specialty, Not-in-family, White, Female, 10520, 0, 40, United-States, >50K
42, Private, 44121, Masters, 14, Divorced, Prof-specialty, Not-in-family, White, Female, 0, 1876, 40, United-States, <=50K
55, Private, 213615, HS-grad, 9, Married-civ-spouse, Craft-repair, Husband, White, Male, 0, 0, 40, United-States, >50K
46, Private, 149161, Some-college, 10, Married-civ-spouse, Exec-managerial, Husband, Asian-Pac-Islander, Male, 0, 0, 60, ?, <=50K
17, ?, 48703, 11th, 7, Never-married, ?, Own-child, White, Female, 0, 0, 30, United-States, <=50K
50, State-gov, 289207, Doctorate, 16, Married-civ-spouse, Prof-specialty, Husband, White, Male, 0, 1902, 45, United-States, >50K
36, Self-emp-not-inc, 135416, Some-college, 10, Married-civ-spouse, Other-service, Wife, White, Female, 0, 0, 50, United-States, <=50K
75, Self-emp-not-inc, 309955, Prof-school, 15, Married-civ-spouse, Prof-specialty, Husband, White, Male, 0, 2174, 50, United-States, >50K
51, Private, 55507, HS-grad, 9, Married-civ-spouse, Craft-repair, Husband, Black, Male, 0, 0, 40, United-States, <=50K
61, Self-emp-not-inc, 196773, 7th-8th, 4, Married-civ-spouse, Sales, Husband, White, Male, 0, 0, 30, United-States, >50K
31, Federal-gov, 210926, HS-grad, 9, Separated, Handlers-cleaners, Unmarried, White, Female, 0, 0, 40, United-States, <=50K
54, Private, 234938, HS-grad, 9, Married-civ-spouse, Sales, Husband, White, Male, 4064, 0, 55, United-States, <=50K
55, Private, 98746, Some-college, 10, Married-civ-spouse, Tech-support, Husband, White, Male, 0, 0, 50, Canada, >50K
27, Private, 72208, Some-college, 10, Never-married, Adm-clerical, Own-child, Black, Male, 0, 0, 40, United-States, <=50K
37, Self-emp-inc, 126675, Bachelors, 13, Never-married, Exec-managerial, Own-child, White, Male, 0, 0, 40, United-States, <=50K
37, State-gov, 29145, Bachelors, 13, Married-civ-spouse, Exec-managerial, Husband, White, Male, 0, 0, 50, United-States, >50K
45, Private, 166929, 11th, 7, Married-civ-spouse, Craft-repair, Husband, White, Male, 0, 0, 40, United-States, <=50K
43, Private, 124436, Some-college, 10, Married-civ-spouse, Prof-specialty, Wife, White, Female, 0, 0, 40, United-States, >50K
58, Private, 94429, Some-college, 10, Married-civ-spouse, Craft-repair, Husband, White, Male, 0, 0, 40, United-States, >50K
40, Private, 174395, HS-grad, 9, Divorced, Other-service, Not-in-family, White, Male, 0, 0, 60, Greece, <=50K
33, Private, 261511, HS-grad, 9, Married-civ-spouse, Craft-repair, Husband, White, Male, 0, 0, 40, United-States, <=50K
21, Private, 186648, Some-college, 10, Never-married, Other-service, Own-child, White, Male, 0, 0, 20, United-States, <=50K
43, Private, 122749, HS-grad, 9, Married-civ-spouse, Craft-repair, Husband, White, Male, 0, 0, 55, United-States, <=50K
27, State-gov, 208406, Bachelors, 13, Never-married, Prof-specialty, Not-in-family, White, Male, 0, 0, 30, United-States, <=50K
43, ?, 200508, Bachelors, 13, Married-civ-spouse, ?, Husband, White, Male, 0, 0, 40, United-States, <=50K
56, Private, 203580, HS-grad, 9, Married-civ-spouse, Adm-clerical, Husband, White, Male, 0, 0, 35, ?, <=50K
65, ?, 200749, HS-grad, 9, Married-civ-spouse, ?, Husband, White, Male, 0, 0, 25, United-States, <=50K
33, Private, 137088, Bachelors, 13, Married-civ-spouse, Machine-op-inspct, Husband, Other, Male, 0, 0, 40, Ecuador, <=50K
47, Private, 160474, HS-grad, 9, Married-civ-spouse, Exec-managerial, Wife, White, Female, 0, 0, 30, United-States, >50K
23, Private, 549349, Some-college, 10, Never-married, Tech-support, Own-child, White, Male, 0, 0, 40, United-States, <=50K
43, Private, 55395, Some-college, 10, Married-civ-spouse, Craft-repair, Husband, White, Male, 0, 0, 40, United-States, <=50K
23, Private, 211049, Some-college, 10, Never-married, Tech-support, Not-in-family, White, Female, 4101, 0, 40, United-States, <=50K
21, Private, 152540, HS-grad, 9, Never-married, Adm-clerical, Not-in-family, White, Female, 0, 0, 35, United-States, <=50K
58, Private, 27385, HS-grad, 9, Married-civ-spouse, Exec-managerial, Husband, White, Male, 0, 0, 60, United-States, >50K
38, Private, 343403, Assoc-acdm, 12, Divorced, Adm-clerical, Not-in-family, White, Female, 0, 0, 16, United-States, <=50K
39, Private, 179824, HS-grad, 9, Never-married, Machine-op-inspct, Unmarried, Black, Female, 0, 0, 36, United-States, <=50K
27, State-gov, 68393, Bachelors, 13, Never-married, Adm-clerical, Not-in-family, White, Female, 0, 0, 40, United-States, <=50K
32, State-gov, 438711, Some-college, 10, Married-civ-spouse, Prof-specialty, Wife, Black, Female, 0, 0, 40, United-States, <=50K
52, Private, 110563, Some-college, 10, Married-civ-spouse, Exec-managerial, Husband, White, Male, 0, 0, 40, United-States, >50K
40, Private, 285787, Assoc-acdm, 12, Married-civ-spouse, Tech-support, Husband, White, Male, 0, 0, 40, United-States, >50K
28, Private, 273269, Some-college, 10, Never-married, Craft-repair, Not-in-family, Black, Male, 0, 0, 40, United-States, <=50K
30, Private, 190511, HS-grad, 9, Married-civ-spouse, Machine-op-inspct, Husband, White, Male, 0, 0, 40, United-States, >50K
27, Private, 329426, Bachelors, 13, Never-married, Exec-managerial, Not-in-family, White, Male, 0, 0, 45, United-States, <=50K
53, Federal-gov, 39643, HS-grad, 9, Widowed, Exec-managerial, Not-in-family, White, Female, 0, 0, 58, United-States, <=50K
25, Private, 486332, HS-grad, 9, Divorced, Other-service, Not-in-family, White, Male, 0, 0, 40, Mexico, <=50K
35, Self-emp-not-inc, 216129, 12th, 8, Never-married, Other-service, Not-in-family, Black, Female, 0, 0, 40, Trinadad&Tobago, <=50K
47, Private, 284871, Bachelors, 13, Married-civ-spouse, Exec-managerial, Husband, White, Male, 0, 1887, 40, United-States, >50K
51, ?, 43909, HS-grad, 9, Divorced, ?, Unmarried, Black, Female, 0, 0, 40, United-States, <=50K
40, Federal-gov, 196456, Some-college, 10, Never-married, Adm-clerical, Own-child, White, Female, 0, 0, 40, United-States, <=50K
40, Private, 145160, Some-college, 10, Married-civ-spouse, Machine-op-inspct, Husband, White, Male, 0, 0, 43, United-States, <=50K
33, Self-emp-inc, 49795, Bachelors, 13, Never-married, Prof-specialty, Not-in-family, White, Male, 0, 0, 45, United-States, <=50K
58, Private, 205896, HS-grad, 9, Divorced, Sales, Other-relative, White, Female, 0, 0, 40, United-States, <=50K
66, Private, 146454, Some-college, 10, Married-civ-spouse, Sales, Husband, White, Male, 5556, 0, 40, United-States, >50K
53, Local-gov, 233722, Assoc-acdm, 12, Never-married, Adm-clerical, Not-in-family, Black, Male, 0, 0, 40, United-States, <=50K
30, Private, 151989, Assoc-voc, 11, Married-civ-spouse, Tech-support, Wife, White, Female, 0, 0, 40, United-States, <=50K
22, Private, 82393, 9th, 5, Never-married, Handlers-cleaners, Own-child, Asian-Pac-Islander, Male, 0, 0, 40, Philippines, <=50K
39, Private, 22494, Bachelors, 13, Never-married, Exec-managerial, Not-in-family, White, Female, 0, 0, 40, United-States, <=50K
57, Private, 153918, HS-grad, 9, Married-civ-spouse, Transport-moving, Husband, White, Male, 0, 0, 40, United-States, <=50K
56, Self-emp-not-inc, 196307, Bachelors, 13, Never-married, Prof-specialty, Not-in-family, White, Male, 0, 0, 20, United-States, <=50K
17, Private, 195262, 11th, 7, Never-married, Craft-repair, Own-child, White, Male, 0, 0, 17, United-States, <=50K
31, Private, 189759, HS-grad, 9, Never-married, Farming-fishing, Not-in-family, White, Male, 0, 2001, 40, United-States, <=50K
34, Private, 142897, Masters, 14, Married-civ-spouse, Exec-managerial, Husband, Asian-Pac-Islander, Male, 7298, 0, 35, Taiwan, >50K
33, Local-gov, 120508, Bachelors, 13, Divorced, Protective-serv, Unmarried, White, Female, 0, 0, 60, Germany, <=50K
37, Private, 125933, Assoc-acdm, 12, Married-civ-spouse, Exec-managerial, Husband, White, Male, 7688, 0, 50, United-States, >50K
20, Private, 391679, HS-grad, 9, Never-married, Sales, Other-relative, White, Male, 0, 0, 60, United-States, <=50K
30, State-gov, 112139, HS-grad, 9, Married-civ-spouse, Protective-serv, Husband, White, Male, 0, 0, 40, United-States, <=50K
43, Private, 338290, Some-college, 10, Married-civ-spouse, Prof-specialty, Husband, White, Male, 0, 0, 40, United-States, <=50K
39, Private, 179016, HS-grad, 9, Never-married, Machine-op-inspct, Not-in-family, Black, Male, 0, 0, 40, United-States, <=50K
20, Self-emp-not-inc, 157145, Some-college, 10, Never-married, Farming-fishing, Own-child, White, Male, 0, 2258, 10, United-States, <=50K
29, Private, 190777, Bachelors, 13, Married-civ-spouse, Sales, Husband, White, Male, 0, 0, 55, United-States, <=50K
35, Private, 108946, HS-grad, 9, Divorced, Tech-support, Unmarried, White, Female, 0, 0, 40, United-States, <=50K
24, Private, 441700, Bachelors, 13, Never-married, Tech-support, Own-child, White, Male, 0, 0, 40, United-States, <=50K
30, Private, 158200, Prof-school, 15, Never-married, Prof-specialty, Own-child, Asian-Pac-Islander, Female, 0, 0, 40, ?, <=50K
31, Private, 122609, HS-grad, 9, Divorced, Adm-clerical, Unmarried, White, Female, 0, 0, 40, United-States, <=50K
37, Self-emp-not-inc, 258037, HS-grad, 9, Married-civ-spouse, Transport-moving, Husband, White, Male, 0, 0, 45, Cuba, >50K
35, Private, 186035, Assoc-voc, 11, Never-married, Tech-support, Not-in-family, White, Male, 0, 0, 40, United-States, <=50K
55, Private, 354923, Assoc-acdm, 12, Divorced, Adm-clerical, Unmarried, White, Female, 0, 0, 40, United-States, <=50K
27, Private, 106935, Some-college, 10, Separated, Sales, Not-in-family, White, Male, 0, 0, 40, United-States, <=50K
37, Private, 59313, Some-college, 10, Separated, Other-service, Not-in-family, Black, Male, 0, 0, 40, ?, <=50K
33, Self-emp-not-inc, 270889, HS-grad, 9, Never-married, Transport-moving, Not-in-family, White, Male, 0, 0, 60, United-States, <=50K
30, Private, 187618, HS-grad, 9, Married-civ-spouse, Exec-managerial, Husband, White, Male, 0, 0, 50, United-States, <=50K
27, Private, 328981, HS-grad, 9, Never-married, Machine-op-inspct, Unmarried, Black, Male, 0, 0, 40, United-States, <=50K
64, Private, 253759, HS-grad, 9, Never-married, Exec-managerial, Not-in-family, White, Male, 0, 0, 3, United-States, <=50K
29, Local-gov, 123983, Masters, 14, Never-married, Prof-specialty, Own-child, Asian-Pac-Islander, Male, 0, 0, 40, Taiwan, <=50K
37, Private, 256723, Some-college, 10, Divorced, Adm-clerical, Unmarried, Black, Female, 0, 0, 35, United-States, <=50K
35, Private, 185556, Masters, 14, Married-civ-spouse, Prof-specialty, Husband, White, Male, 0, 1887, 40, United-States, >50K
29, Private, 204984, HS-grad, 9, Married-civ-spouse, Craft-repair, Husband, White, Male, 0, 0, 40, United-States, >50K
44, Private, 48087, Bachelors, 13, Married-civ-spouse, Exec-managerial, Husband, White, Male, 0, 0, 40, United-States, >50K
46, State-gov, 178686, Bachelors, 13, Married-civ-spouse, Prof-specialty, Husband, White, Male, 0, 0, 38, United-States, >50K
47, Private, 168232, Bachelors, 13, Married-civ-spouse, Adm-clerical, Husband, White, Male, 7298, 0, 40, United-States, >50K
33, Private, 389932, HS-grad, 9, Divorced, Transport-moving, Not-in-family, Black, Male, 0, 0, 55, United-States, <=50K
19, Private, 271446, Some-college, 10, Never-married, Other-service, Own-child, White, Female, 0, 0, 25, United-States, <=50K
36, Private, 156400, Some-college, 10, Divorced, Adm-clerical, Unmarried, White, Female, 0, 0, 40, United-States, <=50K
31, ?, 182191, Bachelors, 13, Married-civ-spouse, ?, Wife, White, Female, 4064, 0, 30, Canada, <=50K
45, Federal-gov, 179638, Masters, 14, Divorced, Exec-managerial, Not-in-family, White, Male, 0, 0, 40, United-States, >50K
28, Private, 192200, Bachelors, 13, Married-civ-spouse, Prof-specialty, Husband, White, Male, 0, 0, 40, ?, <=50K
19, Private, 310158, Some-college, 10, Never-married, Transport-moving, Own-child, White, Male, 0, 0, 30, United-States, <=50K
40, Private, 248406, Some-college, 10, Divorced, Machine-op-inspct, Own-child, White, Male, 0, 0, 32, United-States, <=50K
31, Private, 195750, 1st-4th, 2, Married-civ-spouse, Prof-specialty, Husband, White, Male, 0, 0, 45, United-States, <=50K
48, Federal-gov, 483261, Some-college, 10, Never-married, Adm-clerical, Not-in-family, Black, Male, 0, 0, 40, United-States, <=50K
21, Private, 119704, Some-college, 10, Never-married, Sales, Unmarried, White, Female, 0, 0, 35, United-States, <=50K
34, Self-emp-inc, 62396, Bachelors, 13, Never-married, Prof-specialty, Not-in-family, White, Female, 0, 0, 62, United-States, >50K
26, Private, 293984, 10th, 6, Married-civ-spouse, Craft-repair, Own-child, Black, Male, 0, 0, 40, United-States, <=50K
45, Private, 161954, Bachelors, 13, Never-married, Prof-specialty, Not-in-family, White, Female, 0, 0, 40, Germany, <=50K
44, Private, 172032, HS-grad, 9, Married-civ-spouse, Transport-moving, Husband, White, Male, 0, 0, 40, United-States, <=50K
31, Local-gov, 295589, Some-college, 10, Never-married, Adm-clerical, Own-child, Black, Male, 0, 0, 40, United-States, <=50K
45, Private, 116255, HS-grad, 9, Never-married, Exec-managerial, Not-in-family, Black, Female, 0, 0, 40, United-States, <=50K
19, Private, 128363, Some-college, 10, Never-married, Sales, Own-child, White, Female, 0, 0, 30, United-States, <=50K
58, Private, 104945, 9th, 5, Married-civ-spouse, Handlers-cleaners, Husband, Black, Male, 0, 0, 60, United-States, <=50K
23, Private, 312017, Some-college, 10, Never-married, Exec-managerial, Not-in-family, White, Male, 0, 0, 40, United-States, <=50K
47, Private, 217750, HS-grad, 9, Married-civ-spouse, Other-service, Wife, White, Female, 0, 0, 35, United-States, <=50K
33, Local-gov, 254935, Some-college, 10, Married-civ-spouse, Protective-serv, Husband, White, Male, 0, 0, 45, United-States, <=50K
34, Private, 27409, 9th, 5, Married-civ-spouse, Craft-repair, Husband, White, Male, 0, 0, 50, United-States, <=50K
57, Private, 182677, Bachelors, 13, Married-civ-spouse, Exec-managerial, Husband, Asian-Pac-Islander, Male, 4508, 0, 40, South, <=50K
36, Private, 286115, HS-grad, 9, Married-civ-spouse, Craft-repair, Husband, White, Male, 0, 0, 40, United-States, >50K
39, Private, 179481, HS-grad, 9, Never-married, Tech-support, Not-in-family, White, Male, 4650, 0, 44, United-States, <=50K
66, Self-emp-inc, 253741, HS-grad, 9, Married-civ-spouse, Sales, Husband, White, Male, 0, 1825, 10, United-States, >50K
33, Private, 123157, HS-grad, 9, Never-married, Other-service, Not-in-family, Black, Male, 0, 0, 38, United-States, <=50K
18, Private, 59202, HS-grad, 9, Never-married, Priv-house-serv, Other-relative, White, Female, 0, 0, 10, United-States, <=50K
53, Federal-gov, 199720, Doctorate, 16, Married-civ-spouse, Prof-specialty, Husband, White, Male, 15024, 0, 60, Germany, >50K
56, Private, 314149, Doctorate, 16, Married-civ-spouse, Prof-specialty, Husband, White, Male, 0, 0, 50, United-States, >50K
35, Private, 224889, Bachelors, 13, Married-civ-spouse, Sales, Husband, White, Male, 0, 0, 40, United-States, <=50K
58, Self-emp-inc, 78104, HS-grad, 9, Married-civ-spouse, Exec-managerial, Husband, White, Male, 0, 0, 45, United-States, <=50K
23, ?, 296613, Some-college, 10, Never-married, ?, Own-child, White, Female, 0, 0, 32, United-States, <=50K
30, Private, 144593, HS-grad, 9, Never-married, Other-service, Not-in-family, Black, Male, 0, 0, 40, ?, <=50K
47, Self-emp-not-inc, 274800, Bachelors, 13, Married-civ-spouse, Prof-specialty, Husband, White, Male, 0, 0, 60, United-States, <=50K
46, Private, 178829, Masters, 14, Married-spouse-absent, Exec-managerial, Not-in-family, White, Male, 0, 0, 70, United-States, >50K
58, State-gov, 110199, 7th-8th, 4, Married-civ-spouse, Transport-moving, Husband, White, Male, 0, 0, 40, United-States, <=50K
32, Private, 299635, Some-college, 10, Married-civ-spouse, Exec-managerial, Husband, White, Male, 0, 0, 50, Germany, <=50K
41, Private, 107584, HS-grad, 9, Married-civ-spouse, Machine-op-inspct, Husband, White, Male, 0, 0, 40, United-States, <=50K
40, Private, 141537, 10th, 6, Divorced, Machine-op-inspct, Not-in-family, Black, Female, 0, 0, 40, United-States, <=50K
40, Private, 178983, HS-grad, 9, Married-civ-spouse, Adm-clerical, Wife, White, Female, 0, 0, 30, United-States, >50K
41, Private, 214242, Bachelors, 13, Married-civ-spouse, Prof-specialty, Husband, White, Male, 0, 1887, 40, United-States, >50K
26, Private, 104045, Bachelors, 13, Never-married, Exec-managerial, Not-in-family, White, Female, 0, 0, 40, United-States, <=50K
41, Local-gov, 33068, Masters, 14, Divorced, Prof-specialty, Not-in-family, White, Male, 0, 1974, 40, United-States, <=50K
19, Private, 27433, 11th, 7, Never-married, Handlers-cleaners, Not-in-family, White, Male, 0, 0, 40, United-States, <=50K
24, Private, 275093, HS-grad, 9, Never-married, Handlers-cleaners, Not-in-family, White, Female, 0, 0, 36, United-States, <=50K
50, Private, 147629, Masters, 14, Married-civ-spouse, Prof-specialty, Husband, White, Male, 15024, 0, 45, United-States, >50K
70, ?, 148065, Some-college, 10, Married-civ-spouse, ?, Husband, White, Male, 0, 0, 4, United-States, >50K
52, Private, 139347, HS-grad, 9, Married-civ-spouse, Transport-moving, Wife, White, Female, 0, 0, 40, United-States, <=50K
49, Private, 247892, Some-college, 10, Married-civ-spouse, Craft-repair, Husband, Black, Male, 0, 0, 30, United-States, <=50K
27, Private, 252506, Some-college, 10, Divorced, Exec-managerial, Own-child, White, Female, 0, 0, 40, United-States, <=50K
39, Private, 160123, HS-grad, 9, Widowed, Adm-clerical, Not-in-family, White, Female, 0, 0, 40, United-States, <=50K
30, Private, 74966, Assoc-voc, 11, Married-civ-spouse, Adm-clerical, Wife, White, Female, 0, 0, 24, United-States, <=50K
34, Private, 295922, Some-college, 10, Never-married, Machine-op-inspct, Not-in-family, White, Male, 0, 0, 40, England, >50K
25, Private, 154941, Bachelors, 13, Married-civ-spouse, Sales, Husband, White, Male, 0, 0, 40, United-States, >50K
31, Private, 319146, Assoc-voc, 11, Married-civ-spouse, Craft-repair, Husband, White, Male, 4386, 0, 40, Mexico, >50K
18, Private, 74054, 11th, 7, Never-married, Sales, Own-child, Other, Female, 0, 0, 20, ?, <=50K
57, Self-emp-not-inc, 190554, 10th, 6, Divorced, Exec-managerial, Own-child, White, Male, 0, 0, 60, United-States, >50K
44, Private, 98211, Bachelors, 13, Married-civ-spouse, Transport-moving, Husband, White, Male, 0, 0, 55, United-States, <=50K
18, Private, 97963, HS-grad, 9, Never-married, Other-service, Own-child, White, Female, 0, 0, 30, United-States, <=50K
46, Private, 116789, HS-grad, 9, Married-civ-spouse, Adm-clerical, Husband, White, Male, 0, 0, 40, United-States, >50K
47, Private, 250170, HS-grad, 9, Married-civ-spouse, Machine-op-inspct, Husband, Black, Male, 0, 0, 40, United-States, >50K
57, Private, 108426, HS-grad, 9, Married-civ-spouse, Other-service, Husband, Black, Male, 0, 0, 48, England, <=50K
48, Private, 131309, Masters, 14, Married-civ-spouse, Prof-specialty, Husband, White, Male, 0, 0, 45, United-States, >50K
29, Private, 157308, 11th, 7, Married-civ-spouse, Handlers-cleaners, Wife, Asian-Pac-Islander, Female, 2829, 0, 14, Philippines, <=50K
37, Private, 167482, HS-grad, 9, Never-married, Machine-op-inspct, Own-child, White, Male, 0, 0, 40, United-States, <=50K
51, Self-emp-inc, 103995, Assoc-acdm, 12, Never-married, Sales, Not-in-family, White, Female, 0, 0, 25, United-States, <=50K
24, Local-gov, 162919, Some-college, 10, Never-married, Adm-clerical, Not-in-family, White, Female, 0, 0, 40, United-States, <=50K
31, Private, 229636, Some-college, 10, Married-civ-spouse, Craft-repair, Husband, White, Male, 0, 0, 45, Mexico, <=50K
43, Private, 125833, Bachelors, 13, Married-civ-spouse, Adm-clerical, Husband, Asian-Pac-Islander, Male, 0, 0, 40, Vietnam, <=50K
54, Private, 339667, HS-grad, 9, Never-married, Adm-clerical, Not-in-family, White, Male, 0, 0, 41, United-States, <=50K
47, Private, 159726, HS-grad, 9, Married-civ-spouse, Transport-moving, Husband, White, Male, 0, 0, 85, United-States, >50K
23, Private, 174754, Some-college, 10, Never-married, Sales, Not-in-family, White, Female, 0, 0, 30, United-States, <=50K
45, Private, 81400, 1st-4th, 2, Married-civ-spouse, Other-service, Wife, White, Female, 0, 0, 25, El-Salvador, <=50K
43, Private, 188436, Assoc-voc, 11, Divorced, Prof-specialty, Not-in-family, White, Male, 0, 0, 48, United-States, <=50K
34, Private, 183473, HS-grad, 9, Divorced, Transport-moving, Own-child, White, Female, 0, 0, 40, United-States, <=50K
36, Self-emp-not-inc, 207202, 10th, 6, Married-civ-spouse, Farming-fishing, Husband, White, Male, 0, 0, 60, United-States, <=50K
55, Self-emp-not-inc, 111625, HS-grad, 9, Married-civ-spouse, Craft-repair, Husband, White, Male, 0, 0, 60, United-States, <=50K
42, State-gov, 24264, Some-college, 10, Divorced, Transport-moving, Unmarried, White, Male, 0, 0, 38, United-States, <=50K
19, Private, 382738, HS-grad, 9, Never-married, Other-service, Own-child, Black, Female, 0, 0, 40, United-States, <=50K
23, Self-emp-not-inc, 111296, 11th, 7, Never-married, Craft-repair, Own-child, White, Male, 0, 0, 50, Mexico, <=50K
28, Private, 132191, HS-grad, 9, Married-civ-spouse, Transport-moving, Husband, White, Male, 0, 0, 45, United-States, >50K
36, Federal-gov, 128884, HS-grad, 9, Divorced, Adm-clerical, Not-in-family, White, Female, 0, 0, 48, United-States, <=50K
62, Private, 290754, 10th, 6, Widowed, Handlers-cleaners, Not-in-family, White, Female, 0, 0, 40, United-States, <=50K
48, Local-gov, 40666, HS-grad, 9, Married-civ-spouse, Other-service, Husband, White, Male, 0, 0, 40, United-States, <=50K
24, Private, 59146, Bachelors, 13, Married-civ-spouse, Exec-managerial, Wife, White, Female, 0, 0, 40, United-States, <=50K
55, Private, 171015, HS-grad, 9, Widowed, Sales, Unmarried, White, Female, 0, 0, 40, United-States, <=50K
20, Private, 113307, 7th-8th, 4, Never-married, Machine-op-inspct, Other-relative, White, Male, 0, 0, 40, United-States, <=50K
37, Self-emp-not-inc, 282461, Some-college, 10, Married-civ-spouse, Exec-managerial, Husband, White, Male, 0, 0, 60, United-States, <=50K
27, State-gov, 340269, Some-college, 10, Never-married, Protective-serv, Not-in-family, White, Male, 0, 0, 40, United-States, <=50K
22, Private, 157332, HS-grad, 9, Never-married, Other-service, Own-child, White, Female, 0, 0, 35, United-States, <=50K
50, Self-emp-not-inc, 312477, HS-grad, 9, Married-civ-spouse, Exec-managerial, Husband, White, Male, 0, 1887, 40, United-States, >50K
53, Private, 204584, Masters, 14, Divorced, Sales, Not-in-family, White, Female, 0, 0, 40, United-States, <=50K
46, Private, 56482, Some-college, 10, Never-married, Exec-managerial, Not-in-family, Black, Male, 0, 0, 40, United-States, <=50K
37, Self-emp-not-inc, 154641, Assoc-acdm, 12, Married-civ-spouse, Farming-fishing, Husband, White, Male, 2105, 0, 50, United-States, <=50K
29, Private, 246933, HS-grad, 9, Never-married, Adm-clerical, Other-relative, White, Male, 0, 0, 40, Mexico, <=50K
31, Private, 185480, HS-grad, 9, Married-civ-spouse, Adm-clerical, Wife, White, Female, 0, 0, 40, ?, >50K
43, Private, 184321, 10th, 6, Married-civ-spouse, Machine-op-inspct, Husband, Black, Male, 0, 1887, 40, United-States, >50K
61, Private, 232308, 10th, 6, Married-civ-spouse, Machine-op-inspct, Husband, White, Male, 0, 0, 40, United-States, <=50K
38, Self-emp-not-inc, 214008, HS-grad, 9, Married-civ-spouse, Prof-specialty, Husband, White, Male, 0, 0, 50, United-States, >50K
29, Private, 126060, HS-grad, 9, Married-civ-spouse, Sales, Wife, White, Female, 0, 0, 40, United-States, >50K
32, Private, 130057, HS-grad, 9, Married-civ-spouse, Sales, Husband, White, Male, 0, 0, 55, United-States, >50K
23, Private, 269687, Assoc-voc, 11, Never-married, Tech-support, Not-in-family, White, Male, 0, 0, 40, United-States, <=50K
54, Private, 43269, HS-grad, 9, Married-civ-spouse, Transport-moving, Husband, White, Male, 0, 0, 50, United-States, >50K
43, Private, 160943, HS-grad, 9, Married-civ-spouse, Other-service, Husband, Black, Male, 0, 0, 40, United-States, >50K
33, Local-gov, 198183, Bachelors, 13, Never-married, Prof-specialty, Not-in-family, White, Female, 0, 0, 50, United-States, >50K
33, Private, 236818, Assoc-voc, 11, Never-married, Prof-specialty, Unmarried, Black, Female, 0, 0, 26, United-States, <=50K
64, Private, 146110, Some-college, 10, Widowed, Other-service, Unmarried, White, Female, 0, 0, 24, United-States, <=50K
51, Private, 233149, Assoc-acdm, 12, Married-civ-spouse, Exec-managerial, Husband, White, Male, 0, 0, 45, United-States, >50K
49, Self-emp-not-inc, 110457, Some-college, 10, Married-civ-spouse, Craft-repair, Husband, White, Male, 0, 0, 50, United-States, >50K
21, Private, 154835, Some-college, 10, Never-married, Adm-clerical, Own-child, Asian-Pac-Islander, Female, 0, 0, 40, Vietnam, <=50K
43, Private, 152159, Bachelors, 13, Married-civ-spouse, Machine-op-inspct, Husband, Black, Male, 0, 0, 40, United-States, <=50K
43, Self-emp-not-inc, 174090, HS-grad, 9, Married-civ-spouse, Adm-clerical, Wife, White, Female, 0, 0, 20, United-States, >50K
37, Private, 151771, 7th-8th, 4, Married-civ-spouse, Craft-repair, Husband, White, Male, 0, 0, 40, United-States, <=50K
20, Private, 95918, 9th, 5, Married-civ-spouse, Machine-op-inspct, Husband, White, Male, 0, 0, 40, United-States, <=50K
46, Private, 318259, Assoc-voc, 11, Divorced, Tech-support, Other-relative, White, Female, 0, 0, 36, United-States, <=50K
51, Private, 82566, HS-grad, 9, Married-civ-spouse, Craft-repair, Husband, White, Male, 0, 0, 50, United-States, <=50K
32, Private, 105650, HS-grad, 9, Married-civ-spouse, Exec-managerial, Wife, White, Female, 0, 0, 50, United-States, >50K
42, Private, 529216, HS-grad, 9, Separated, Transport-moving, Other-relative, Black, Male, 0, 0, 40, United-States, <=50K
61, ?, 198686, Assoc-acdm, 12, Married-civ-spouse, ?, Husband, White, Male, 0, 0, 2, United-States, >50K
32, Private, 27882, Some-college, 10, Never-married, Machine-op-inspct, Other-relative, White, Female, 0, 2205, 40, Holand-Netherlands, <=50K
31, Private, 121768, Assoc-acdm, 12, Divorced, Adm-clerical, Unmarried, White, Female, 0, 0, 35, Poland, <=50K
50, Private, 200783, 7th-8th, 4, Divorced, Craft-repair, Not-in-family, White, Male, 0, 0, 60, United-States, <=50K
61, Private, 128230, HS-grad, 9, Married-civ-spouse, Prof-specialty, Husband, White, Male, 0, 0, 30, United-States, <=50K
17, Private, 221403, 12th, 8, Never-married, Other-service, Own-child, Black, Male, 0, 0, 18, United-States, <=50K
54, Self-emp-not-inc, 192654, Bachelors, 13, Divorced, Transport-moving, Not-in-family, White, Male, 0, 0, 65, United-States, <=50K
22, Private, 219086, Some-college, 10, Married-civ-spouse, Sales, Husband, White, Male, 0, 0, 55, United-States, <=50K
32, Private, 29933, HS-grad, 9, Married-civ-spouse, Machine-op-inspct, Husband, White, Male, 5178, 0, 40, United-States, >50K
48, State-gov, 148306, Masters, 14, Divorced, Prof-specialty, Unmarried, White, Female, 0, 0, 40, United-States, <=50K
56, Private, 261232, HS-grad, 9, Never-married, Craft-repair, Not-in-family, White, Male, 0, 0, 40, United-States, <=50K
19, Private, 446219, 10th, 6, Never-married, Sales, Unmarried, Black, Female, 0, 0, 40, United-States, <=50K
46, Private, 182715, 7th-8th, 4, Divorced, Exec-managerial, Not-in-family, White, Male, 0, 0, 40, United-States, <=50K
76, Private, 278938, Bachelors, 13, Widowed, Prof-specialty, Not-in-family, White, Female, 0, 0, 20, United-States, <=50K
27, Private, 42696, HS-grad, 9, Married-spouse-absent, Other-service, Unmarried, White, Female, 0, 0, 40, United-States, <=50K
55, Private, 199856, HS-grad, 9, Married-civ-spouse, Sales, Wife, White, Female, 0, 0, 50, United-States, <=50K
30, Private, 340917, HS-grad, 9, Never-married, Craft-repair, Not-in-family, White, Male, 0, 0, 40, United-States, <=50K
57, Self-emp-inc, 103948, Bachelors, 13, Divorced, Prof-specialty, Not-in-family, White, Male, 0, 0, 80, United-States, <=50K
24, Private, 240137, 1st-4th, 2, Never-married, Handlers-cleaners, Not-in-family, White, Male, 0, 0, 55, Mexico, <=50K
23, Private, 133239, Assoc-voc, 11, Never-married, Tech-support, Not-in-family, White, Female, 0, 0, 40, United-States, <=50K
28, Private, 245790, HS-grad, 9, Never-married, Craft-repair, Own-child, White, Male, 0, 0, 40, United-States, <=50K
20, ?, 117789, Some-college, 10, Never-married, ?, Own-child, White, Female, 0, 0, 40, United-States, <=50K
27, ?, 501172, Some-college, 10, Married-civ-spouse, ?, Husband, White, Male, 0, 419, 20, Mexico, <=50K
43, Private, 138184, HS-grad, 9, Divorced, Other-service, Not-in-family, Black, Female, 0, 1762, 35, United-States, <=50K
48, Private, 166809, Bachelors, 13, Married-spouse-absent, Exec-managerial, Not-in-family, White, Female, 0, 0, 50, United-States, >50K
20, Private, 379198, HS-grad, 9, Never-married, Other-service, Other-relative, Other, Male, 0, 0, 40, Mexico, <=50K
49, Private, 82572, Some-college, 10, Never-married, Other-service, Not-in-family, White, Female, 0, 0, 60, United-States, <=50K
40, Private, 111483, Bachelors, 13, Married-civ-spouse, Exec-managerial, Husband, White, Male, 7298, 0, 40, United-States, >50K
30, Private, 65920, HS-grad, 9, Never-married, Exec-managerial, Not-in-family, Black, Male, 0, 0, 40, United-States, <=50K
51, ?, 172175, Doctorate, 16, Never-married, ?, Not-in-family, White, Male, 0, 2824, 40, United-States, >50K
41, Private, 144460, Some-college, 10, Divorced, Machine-op-inspct, Own-child, White, Male, 0, 0, 40, Italy, <=50K
45, Federal-gov, 207107, Assoc-acdm, 12, Divorced, Adm-clerical, Unmarried, Asian-Pac-Islander, Male, 0, 2080, 40, Philippines, <=50K
41, State-gov, 518030, Bachelors, 13, Never-married, Protective-serv, Not-in-family, Black, Male, 0, 1590, 40, Puerto-Rico, <=50K
45, Private, 88500, Some-college, 10, Married-civ-spouse, Machine-op-inspct, Husband, White, Male, 0, 0, 44, United-States, >50K
39, Private, 232854, HS-grad, 9, Divorced, Transport-moving, Not-in-family, White, Male, 0, 0, 40, United-States, <=50K
43, Private, 427382, Masters, 14, Never-married, Prof-specialty, Not-in-family, White, Male, 0, 0, 50, United-States, >50K
31, Private, 259705, HS-grad, 9, Never-married, Farming-fishing, Own-child, White, Female, 0, 0, 40, United-States, <=50K
35, Private, 37314, Some-college, 10, Married-civ-spouse, Craft-repair, Husband, White, Male, 5013, 0, 40, United-States, <=50K
22, Private, 369549, Some-college, 10, Never-married, Other-service, Not-in-family, Black, Female, 0, 0, 30, United-States, <=50K
